Feature_Set,Feature_Name,Importance_mean,Importance_std
Disc Only,cup_amp_heat_H0,0.054279039224610436,0.0034106941777640506
Disc Only,cup_amp_heat_H1,0.044534553449026654,0.004755844739569825
Disc Only,cup_pi_H0_px24,0.03477553775313963,0.003276954894399392
Disc Only,cup_pi_H1_px22,0.030092626860079862,0.0024426532656350963
Disc Only,cup_pi_H0_px23,0.02710075662531537,0.004264514850631495
Disc Only,cup_pi_H1_px21,0.02644210622171836,0.0014722333571336277
Disc Only,cup_pi_H1_px23,0.02585875111848457,0.0027795429254884136
Disc Only,cup_pi_H0_px21,0.025047116641759036,0.001827855736891606
Disc Only,cup_pi_H1_px24,0.024825418366804818,0.004566116572757294
Disc Only,cup_amp_wasserstein_H1,0.024014369655079124,0.0029978521967111605
Disc Only,cup_amp_landscape_H1,0.023965690152859542,0.0009534610862341769
Disc Only,cup_pi_H0_px17,0.02359670519394182,0.0030188976377577997
Disc Only,cup_pi_H1_px20,0.023555592832524126,0.0026654696085433387
Disc Only,cup_amp_landscape_H0,0.02344236201977734,0.003065859580566131
Disc Only,cup_amp_wasserstein_H0,0.023214621618901643,0.003479329631285599
Disc Only,cup_pi_H0_px22,0.02310258887880919,0.002999805427719855
Disc Only,cup_amp_betti_H0,0.022635045920197754,0.002108250141043649
Disc Only,cup_entropy_H1,0.021658996382009885,0.0020147424699361693
Disc Only,cup_pi_H0_px20,0.020982572893352022,0.001595398033224829
Disc Only,cup_amp_betti_H1,0.020457298113617472,0.0016558075050361622
Disc Only,cup_entropy_H0,0.020360778813595208,0.002605908238688418
Disc Only,cup_pi_H1_px17,0.01645874966310827,0.0018475727247544184
Disc Only,cup_pi_H0_px16,0.015489025769650527,0.0021699064623352574
Disc Only,cup_amp_bottleneck_H1,0.015188532133022233,0.0009601468678627879
Disc Only,cup_amp_bottleneck_H0,0.014146599162003892,0.0012626944003886423
Disc Only,cup_pi_H1_px12,0.013979613257080054,0.0017465163932729678
Disc Only,cup_pi_H1_px16,0.013893453673697657,0.001397501286047209
Disc Only,cup_pi_H1_px18,0.01246213297870717,0.00144883104188352
Disc Only,cup_pi_H0_px18,0.012423405438612676,0.0015415358464480056
Disc Only,cup_pi_H0_px15,0.011964052897343033,0.002284679520304566
Disc Only,cup_betti_curve_H0_bin6,0.011913748282439606,0.001333400746913375
Disc Only,cup_pi_H1_px7,0.011801663648674063,0.0032726607272499197
Disc Only,cup_pi_H1_px11,0.011256368524485649,0.0021058068885604787
Disc Only,cup_betti_curve_H0_bin5,0.011127844184370465,0.0008290368857254899
Disc Only,cup_betti_curve_H0_bin3,0.010817264821817798,0.0017134648888032997
Disc Only,cup_betti_curve_H0_bin7,0.010510719675923905,0.001877765075933546
Disc Only,cup_betti_curve_H1_bin6,0.010485732185472411,0.0008690401621898641
Disc Only,cup_betti_curve_H1_bin2,0.010436353401964938,0.0024555234186855496
Disc Only,cup_pi_H0_px12,0.009911939611177426,0.0012370480962781666
Disc Only,cup_betti_curve_H0_bin1,0.009638761236240176,0.0021102339366818484
Disc Only,cup_pi_H1_px3,0.009538567958778938,0.00103829855153269
Disc Only,cup_pi_H1_px15,0.008939418811948376,0.001363088638514523
Disc Only,cup_betti_curve_H1_bin7,0.008835248401924973,0.0011763673007829632
Disc Only,cup_pi_H0_px0,0.008630611638888088,0.0011664072326096483
Disc Only,cup_pi_H1_px2,0.00856660619847975,0.0013280366085984523
Disc Only,cup_pi_H0_px1,0.008558142294803521,0.0006951911830990223
Disc Only,cup_betti_curve_H0_bin8,0.00831763410898478,0.0011956956828740371
Disc Only,cup_pi_H0_px10,0.008232176688334014,0.0014897136929707614
Disc Only,cup_pi_H1_px1,0.007930391711060077,0.0014428372606235687
Disc Only,cup_pi_H0_px2,0.007807509535472201,0.0015432510538310382
Disc Only,cup_betti_curve_H1_bin5,0.007790611300650596,0.0009957101001809
Disc Only,cup_pi_H0_px11,0.007719935387567048,0.001122258033168887
Disc Only,cup_betti_curve_H0_bin4,0.007703477429750973,0.0012391818959959946
Disc Only,cup_betti_curve_H1_bin4,0.007412127860596975,0.00018775198482466962
Disc Only,cup_pi_H1_px10,0.007335503319675907,0.0011427979725516732
Disc Only,cup_betti_curve_H0_bin2,0.007202938205135829,0.0003309789625752869
Disc Only,cup_betti_curve_H1_bin8,0.0069772939364636565,0.0009067655682843496
Disc Only,cup_pi_H0_px13,0.006470617648158256,0.0009498212180329087
Disc Only,cup_pi_H0_px7,0.0063784546785487,0.001559363318612485
Disc Only,cup_betti_curve_H1_bin3,0.006286016063182169,0.0006748248637237662
Disc Only,cup_pi_H1_px13,0.006264301485300874,0.0007366387703176393
Disc Only,cup_pi_H0_px6,0.006261973753297548,0.0010256395188231262
Disc Only,cup_pi_H1_px8,0.004694895267092185,0.0007824529419704801
Disc Only,cup_pi_H1_px6,0.004494501017398527,0.0005658939967124764
Disc Only,cup_betti_curve_H1_bin1,0.004242463248747651,0.0006553302362048737
Disc Only,cup_pi_H0_px5,0.003966814344302207,0.00033907771438053977
Disc Only,cup_pi_H1_px5,0.0029679753268580787,0.0002037953561084495
Disc Only,cup_pi_H1_px0,0.002964746233992923,0.0005707377247137949
Disc Only,cup_pi_H0_px3,0.0029011254641961278,0.0009612345690866564
Disc Only,cup_pi_H0_px8,0.0019692637203639293,0.00038284506096653806
Disc Only,cup_betti_curve_H1_bin0,0.0015437443905281553,0.0003121525159249946
Disc Only,cup_betti_curve_H0_bin0,0.0010116293284133525,0.0002538503282231669
Disc Only,cup_pi_H1_px19,0.0008022248729669124,0.0002445714978942884
Disc Only,cup_pi_H1_px14,0.0007796702982453985,0.00029963845306970336
Disc Only,cup_pi_H0_px19,0.0006240575166741723,0.0003424686244548202
Disc Only,cup_pi_H1_px9,2.001277887361651e-05,1.0088840501665419e-05
Disc Only,cup_pi_H0_px14,8.828492947752353e-06,1.0852231134419305e-05
Disc Only,cup_pi_H0_px4,0.0,0.0
Disc Only,cup_betti_curve_H0_bin9,0.0,0.0
Disc Only,cup_betti_curve_H1_bin9,0.0,0.0
Disc Only,cup_pi_H0_px9,0.0,0.0
Disc Only,cup_pi_H1_px4,0.0,0.0
Vessel Only,vessel_amp_wasserstein_H1,0.05274526359952938,0.006274749572492042
Vessel Only,vessel_amp_betti_H1,0.044253356515129946,0.006164560477870864
Vessel Only,vessel_amp_landscape_H1,0.03475201958277273,0.003178362182632718
Vessel Only,vessel_entropy_H0,0.03173417648551447,0.002870220688591036
Vessel Only,vessel_entropy_H1,0.028198422259838533,0.003513333384474614
Vessel Only,vessel_amp_betti_H0,0.027321148795923966,0.0025114422167965608
Vessel Only,vessel_amp_bottleneck_H1,0.025720368436171842,0.0021626431939511886
Vessel Only,vessel_pi_H1_px24,0.025507553657626823,0.0022945663329935143
Vessel Only,vessel_amp_heat_H0,0.02400808948792092,0.0014699187317199864
Vessel Only,vessel_betti_curve_H0_bin8,0.02327378602789312,0.0019239990526018914
Vessel Only,vessel_betti_curve_H0_bin6,0.02322457110490449,0.002908370638952108
Vessel Only,vessel_amp_wasserstein_H0,0.021747275619294064,0.00243162713813381
Vessel Only,vessel_pi_H1_px23,0.02158152933272748,0.0016121267844239533
Vessel Only,vessel_pi_H0_px23,0.020854918827863327,0.0014481426217310073
Vessel Only,vessel_pi_H0_px11,0.019450153452188857,0.0014048666318096485
Vessel Only,vessel_pi_H0_px22,0.018939454102758383,0.00239521238425111
Vessel Only,vessel_betti_curve_H0_bin7,0.018619604942550876,0.0008283696701233794
Vessel Only,vessel_pi_H0_px24,0.01843903791579767,0.002070728870639787
Vessel Only,vessel_amp_landscape_H0,0.018372482672837188,0.0010658164415563093
Vessel Only,vessel_betti_curve_H0_bin5,0.017422461179655936,0.0021086516476675715
Vessel Only,vessel_pi_H0_px16,0.017278218215218875,0.0021360842730386844
Vessel Only,vessel_pi_H1_px22,0.017236333372600565,0.003444724504890429
Vessel Only,vessel_pi_H0_px17,0.017153914104108315,0.0025716924078921888
Vessel Only,vessel_amp_heat_H1,0.01686226455376413,0.0006408641772502673
Vessel Only,vessel_amp_bottleneck_H0,0.016195863991916477,0.0008886726295554043
Vessel Only,vessel_betti_curve_H1_bin8,0.015583161321441644,0.0005937346398010799
Vessel Only,vessel_betti_curve_H0_bin4,0.015486529445047942,0.0015300325599989257
Vessel Only,vessel_pi_H0_px0,0.01515256150969919,0.001767822148271519
Vessel Only,vessel_pi_H0_px21,0.0150570691360603,0.0007642196959774615
Vessel Only,vessel_pi_H1_px12,0.0148754478571752,0.0018522694791647492
Vessel Only,vessel_pi_H1_px17,0.014770752304337924,0.0013067539819781808
Vessel Only,vessel_pi_H0_px20,0.014727314139393436,0.0011144316670910293
Vessel Only,vessel_pi_H1_px20,0.0139299402516464,0.0021959023752300844
Vessel Only,vessel_pi_H1_px18,0.013503080277590751,0.0015354762751447035
Vessel Only,vessel_betti_curve_H0_bin3,0.013402459864929828,0.001983541350750175
Vessel Only,vessel_pi_H0_px15,0.013247087111091727,0.0018441935195645613
Vessel Only,vessel_betti_curve_H1_bin7,0.012933594095474024,0.0012207528484126195
Vessel Only,vessel_pi_H0_px5,0.012845574010720026,0.0009012572738329535
Vessel Only,vessel_pi_H1_px0,0.012578842663719109,0.0022161540927617125
Vessel Only,vessel_betti_curve_H1_bin6,0.012239743648594582,0.0017592646758129622
Vessel Only,vessel_pi_H1_px21,0.01220841567249042,0.0020439265445756924
Vessel Only,vessel_pi_H0_px10,0.012158723477858582,0.0018053573882620916
Vessel Only,vessel_pi_H1_px11,0.010470465127869439,0.0007953819669809138
Vessel Only,vessel_pi_H1_px16,0.01017593288085916,0.0006620894098725475
Vessel Only,vessel_betti_curve_H1_bin5,0.010047757430470153,0.0012196746109414635
Vessel Only,vessel_betti_curve_H1_bin4,0.009755359357609213,0.0005227375628040058
Vessel Only,vessel_pi_H0_px6,0.009405871512615634,0.0007374686042966092
Vessel Only,vessel_pi_H1_px10,0.009364555112249368,0.0007255486728300966
Vessel Only,vessel_pi_H0_px18,0.009168796564072853,0.000592968627262341
Vessel Only,vessel_pi_H0_px12,0.00896730878731423,0.0011111034270599922
Vessel Only,vessel_pi_H1_px15,0.008648118856045174,0.00047980424261871214
Vessel Only,vessel_betti_curve_H0_bin2,0.008620754864281505,0.0010554953468266551
Vessel Only,vessel_betti_curve_H0_bin1,0.008473034513158041,0.0012626991367106102
Vessel Only,vessel_betti_curve_H1_bin3,0.008429291633375493,0.001207697424810585
Vessel Only,vessel_pi_H1_px5,0.00809054238940889,0.0017133890832022804
Vessel Only,vessel_pi_H1_px6,0.007509808570389846,0.0011327520330843915
Vessel Only,vessel_betti_curve_H1_bin1,0.006578194194459705,0.0006378917505635303
Vessel Only,vessel_betti_curve_H1_bin2,0.0065711641867526645,0.0013300658051177943
Vessel Only,vessel_pi_H1_px1,0.0055295505708752345,0.0006482480991519829
Vessel Only,vessel_pi_H1_px7,0.004237367636388501,0.0006288470499060702
Vessel Only,vessel_pi_H1_px2,0.0036528408264198536,0.0010508817359309239
Vessel Only,vessel_pi_H1_px13,0.0033133576238876224,0.0007668996634167137
Vessel Only,vessel_pi_H0_px1,0.0020580335427552994,0.00030780293824834895
Vessel Only,vessel_betti_curve_H1_bin0,0.001640331233493255,0.000314710611636883
Vessel Only,vessel_pi_H0_px7,0.0013044012939625743,0.0004164486540111349
Vessel Only,vessel_betti_curve_H0_bin0,0.0010773641746614714,0.00011941130068539718
Vessel Only,vessel_pi_H0_px13,0.0005344330349973596,0.0003016982034401412
Vessel Only,vessel_pi_H1_px8,0.00043615841434674313,9.338210958491737e-05
Vessel Only,vessel_pi_H0_px2,0.0002616377199187132,0.00011244168681586102
Vessel Only,vessel_pi_H1_px19,5.4220276168403256e-05,3.291530667816599e-05
Vessel Only,vessel_pi_H1_px3,1.9341316061271417e-05,2.4658799631718357e-05
Vessel Only,vessel_pi_H1_px14,1.1441331352896711e-05,2.2882662705793422e-05
Vessel Only,vessel_betti_curve_H0_bin9,0.0,0.0
Vessel Only,vessel_pi_H0_px8,0.0,0.0
Vessel Only,vessel_pi_H0_px3,0.0,0.0
Vessel Only,vessel_betti_curve_H1_bin9,0.0,0.0
Vessel Only,vessel_pi_H0_px19,0.0,0.0
Vessel Only,vessel_pi_H0_px4,0.0,0.0
Vessel Only,vessel_pi_H0_px14,0.0,0.0
Vessel Only,vessel_pi_H1_px9,0.0,0.0
Vessel Only,vessel_pi_H0_px9,0.0,0.0
Vessel Only,vessel_pi_H1_px4,0.0,0.0
Texture Only,texture_amp_wasserstein_H1,0.06819868528680302,0.0073945141958640164
Texture Only,texture_pi_H0_px10,0.051493954197653846,0.0040396408635378685
Texture Only,texture_pi_H0_px17,0.04997067060864394,0.004243528351622985
Texture Only,texture_pi_H0_px12,0.042216730635456015,0.0018917017061554646
Texture Only,texture_amp_landscape_H1,0.0314806699605676,0.0031724493501623105
Texture Only,texture_entropy_H0,0.028031506593169143,0.004471656202348544
Texture Only,texture_amp_heat_H1,0.028021971033100036,0.0038793710712952357
Texture Only,texture_pi_H0_px16,0.027446519883080313,0.002486131642656797
Texture Only,texture_amp_bottleneck_H0,0.025294466435596193,0.002425816931341863
Texture Only,texture_pi_H0_px18,0.023355519344470062,0.0025616067743338485
Texture Only,texture_pi_H0_px24,0.020993155408146533,0.0027641236924813026
Texture Only,texture_pi_H0_px15,0.01953558921238632,0.003239844931444276
Texture Only,texture_pi_H1_px24,0.01908009367009975,0.0028214273626222153
Texture Only,texture_amp_landscape_H0,0.018521755039334682,0.0027466029662117286
Texture Only,texture_pi_H0_px7,0.01848190651350328,0.004311745589299363
Texture Only,texture_amp_betti_H1,0.018135697522647858,0.0020741259051871514
Texture Only,texture_betti_curve_H0_bin6,0.017669957300675332,0.001386068599119122
Texture Only,texture_amp_betti_H0,0.017555575151068578,0.0022642261452276613
Texture Only,texture_pi_H0_px5,0.01655815458118262,0.002639035723618828
Texture Only,texture_betti_curve_H0_bin4,0.0153218599820471,0.0019307718819279846
Texture Only,texture_amp_wasserstein_H0,0.01520053951994764,0.0021206085356727743
Texture Only,texture_pi_H0_px11,0.015140447437598764,0.001022639697229303
Texture Only,texture_betti_curve_H0_bin7,0.013883315848315828,0.0016020162303253412
Texture Only,texture_amp_heat_H0,0.013851188544974562,0.000980432539149882
Texture Only,texture_pi_H1_px21,0.013520322448689632,0.0026689029551916956
Texture Only,texture_entropy_H1,0.01319331919521459,0.001017545732463006
Texture Only,texture_pi_H0_px21,0.012868547754792774,0.0012961262009647029
Texture Only,texture_pi_H1_px22,0.011828219286663355,0.0006851294054054617
Texture Only,texture_betti_curve_H0_bin5,0.011741801709017322,0.0016224545775344996
Texture Only,texture_pi_H1_px12,0.011685068187916911,0.0005929165133321368
Texture Only,texture_pi_H1_px23,0.011631402636545022,0.0009052861873414913
Texture Only,texture_pi_H0_px20,0.011462250116411683,0.001819444876145166
Texture Only,texture_pi_H0_px23,0.011216282967109756,0.001265994287111164
Texture Only,texture_betti_curve_H1_bin5,0.011169853380094377,0.001067996680997357
Texture Only,texture_pi_H0_px22,0.011140970865313227,0.0011654998328689556
Texture Only,texture_pi_H1_px20,0.010575141695714795,0.0017531799844803296
Texture Only,texture_betti_curve_H0_bin3,0.010409112590942075,0.0011092627409874474
Texture Only,texture_pi_H1_px16,0.010346538862188188,0.0010594408242267557
Texture Only,texture_pi_H1_px17,0.010049217057494095,0.0006908214089645235
Texture Only,texture_betti_curve_H1_bin6,0.009971102361443027,0.002031480539388915
Texture Only,texture_pi_H1_px15,0.009941940288384733,0.0009648636516127738
Texture Only,texture_betti_curve_H1_bin7,0.009900086128793293,0.0019434026667522872
Texture Only,texture_betti_curve_H0_bin2,0.009849335036264726,0.001315207685029373
Texture Only,texture_amp_bottleneck_H1,0.009321177653526906,0.0013111002874627064
Texture Only,texture_betti_curve_H1_bin4,0.00913760230325913,0.0011599514413329559
Texture Only,texture_betti_curve_H0_bin1,0.008998054081234722,0.0012847544046222733
Texture Only,texture_pi_H1_px18,0.008995100775839183,0.0013892846900835731
Texture Only,texture_pi_H1_px11,0.008954343263477766,0.0008500677981874506
Texture Only,texture_pi_H1_px0,0.008613162086295312,0.0030628375639339496
Texture Only,texture_betti_curve_H0_bin8,0.008545890963950455,0.0009457623778881945
Texture Only,texture_pi_H1_px10,0.008403102831192645,0.0010670772271899368
Texture Only,texture_betti_curve_H1_bin3,0.008249087542981832,0.0006191943879068908
Texture Only,texture_pi_H0_px0,0.008215430897335448,0.0007092654161828509
Texture Only,texture_pi_H0_px6,0.008043910145105576,0.0016168611537658586
Texture Only,texture_pi_H1_px1,0.008022509309338823,0.0020611415706614706
Texture Only,texture_pi_H1_px6,0.007432689410263027,0.001172524014245511
Texture Only,texture_betti_curve_H1_bin8,0.00735276365549468,0.0005008144851245139
Texture Only,texture_betti_curve_H1_bin2,0.0070857194127566985,0.0007022892500378656
Texture Only,texture_betti_curve_H1_bin1,0.006932796454409765,0.0005870261864672476
Texture Only,texture_pi_H1_px7,0.00637656601173564,0.00024652610455266227
Texture Only,texture_pi_H0_px1,0.006343631233122847,0.0011539934785088424
Texture Only,texture_pi_H0_px13,0.005991965636460673,0.0011103406876953618
Texture Only,texture_pi_H1_px5,0.004801836629203865,0.0010584512151401645
Texture Only,texture_pi_H1_px13,0.004062797220342764,0.0008299433332917552
Texture Only,texture_pi_H0_px19,0.0024098023365880933,0.000361591119456875
Texture Only,texture_pi_H0_px2,0.0022027902231767397,0.0006491570624943254
Texture Only,texture_betti_curve_H0_bin0,0.0018621479674989058,0.0005391971703548749
Texture Only,texture_pi_H0_px8,0.001838857164653957,0.000584041312352814
Texture Only,texture_betti_curve_H1_bin0,0.0011980026023673917,0.00031733767656578734
Texture Only,texture_pi_H1_px2,0.0011089460688940933,0.00023957381032095818
Texture Only,texture_pi_H1_px19,0.0010246913244521328,0.0006308394132937036
Texture Only,texture_pi_H1_px8,0.00026962699160748647,0.00013890099311732448
Texture Only,texture_pi_H1_px3,0.00021778504003476998,0.00012671179839977
Texture Only,texture_pi_H0_px14,2.926597222541743e-05,5.853194445083473e-05
Texture Only,texture_pi_H0_px9,1.7504511710664727e-05,3.5009023421329414e-05
Texture Only,texture_pi_H0_px3,9.275733175501311e-19,1.7012986428928177e-18
Texture Only,texture_pi_H1_px14,0.0,0.0
Texture Only,texture_pi_H1_px9,0.0,0.0
Texture Only,texture_pi_H0_px4,0.0,0.0
Texture Only,texture_betti_curve_H1_bin9,0.0,0.0
Texture Only,texture_betti_curve_H0_bin9,0.0,0.0
Texture Only,texture_pi_H1_px4,0.0,0.0
Disc & Vessel,cup_amp_heat_H0,0.03191377128886656,0.0016471543377901963
Disc & Vessel,vessel_amp_wasserstein_H1,0.028928724648281907,0.004286593239873213
Disc & Vessel,cup_amp_heat_H1,0.028270360318759357,0.002863830314345452
Disc & Vessel,vessel_amp_betti_H1,0.026608548145425837,0.004100191266390879
Disc & Vessel,vessel_amp_landscape_H1,0.018717146401030844,0.0012245648517635289
Disc & Vessel,cup_pi_H0_px24,0.018518794746264618,0.0030093708012770494
Disc & Vessel,vessel_entropy_H1,0.017617500622365858,0.002294117432975179
Disc & Vessel,cup_pi_H1_px24,0.01752377683182554,0.0036581200623746262
Disc & Vessel,cup_pi_H1_px22,0.01726880463127306,0.0025467418009983184
Disc & Vessel,cup_pi_H0_px21,0.01396778676245711,0.00148540503073612
Disc & Vessel,vessel_amp_betti_H0,0.013821407695068288,0.000866282978666676
Disc & Vessel,cup_pi_H0_px23,0.013619052159670594,0.003091480875426162
Disc & Vessel,cup_amp_landscape_H0,0.013556352979419931,0.0021167652436217543
Disc & Vessel,vessel_amp_bottleneck_H1,0.012978511489975055,0.0011156087832964387
Disc & Vessel,cup_amp_wasserstein_H0,0.012898794342495513,0.001716580686497018
Disc & Vessel,vessel_pi_H1_px24,0.01262259555933821,0.000983814887902673
Disc & Vessel,vessel_pi_H0_px23,0.012538787959908643,0.0022358552781238596
Disc & Vessel,vessel_betti_curve_H0_bin8,0.012528090161149677,0.0014015893961137073
Disc & Vessel,vessel_amp_heat_H0,0.0123342987305576,0.0011288765223182308
Disc & Vessel,cup_pi_H1_px21,0.012324177473998475,0.0012264053391589673
Disc & Vessel,vessel_entropy_H0,0.012165401905905327,0.002955068243135038
Disc & Vessel,cup_amp_wasserstein_H1,0.012082846115959573,0.000828765378350274
Disc & Vessel,cup_pi_H1_px23,0.011618904537401784,0.001052995524605762
Disc & Vessel,cup_entropy_H0,0.011527692267168013,0.0010940432561624956
Disc & Vessel,cup_amp_betti_H0,0.011351319580941965,0.0023659583276235997
Disc & Vessel,vessel_amp_wasserstein_H0,0.01135107297313447,0.0024565296066859947
Disc & Vessel,cup_pi_H1_px20,0.011001829163765625,0.0009517898032037819
Disc & Vessel,vessel_betti_curve_H0_bin7,0.01099181355205083,0.0014406940975145413
Disc & Vessel,vessel_pi_H1_px23,0.010868203835221874,0.0014273985314013945
Disc & Vessel,cup_pi_H0_px17,0.01078930268354497,0.0010034808975649882
Disc & Vessel,cup_entropy_H1,0.010567157545818084,0.001102940711341436
Disc & Vessel,cup_amp_betti_H1,0.010554954100300665,0.0008910197671951042
Disc & Vessel,cup_pi_H1_px17,0.010198676000833152,0.0008462087846092932
Disc & Vessel,vessel_pi_H0_px17,0.01017003212668631,0.0010774119542559144
Disc & Vessel,cup_pi_H0_px22,0.01014830923082485,0.00042678802256118447
Disc & Vessel,vessel_betti_curve_H0_bin5,0.010056064807305826,0.0021670242117042098
Disc & Vessel,cup_amp_bottleneck_H1,0.009876044168878606,0.0019180765305375977
Disc & Vessel,vessel_amp_landscape_H0,0.00965230267782453,0.0009227594826357576
Disc & Vessel,cup_pi_H0_px20,0.009598902721186221,0.0012466791357720142
Disc & Vessel,cup_amp_landscape_H1,0.009562408730752227,0.0019811519963109114
Disc & Vessel,vessel_pi_H0_px11,0.00939072743197818,0.0013395739317877081
Disc & Vessel,vessel_betti_curve_H0_bin6,0.009269445472191062,0.002116175047394787
Disc & Vessel,cup_amp_bottleneck_H0,0.008954960801090999,0.0008648205905401997
Disc & Vessel,vessel_pi_H0_px22,0.008562418062820487,0.0014594000715850647
Disc & Vessel,cup_pi_H0_px16,0.008237834137033445,0.0008841448724296224
Disc & Vessel,vessel_amp_bottleneck_H0,0.00823658438210791,0.0015553910829890275
Disc & Vessel,vessel_amp_heat_H1,0.007899554941026168,0.0006040400632498716
Disc & Vessel,vessel_betti_curve_H0_bin4,0.0077756177271035305,0.0023805879651416888
Disc & Vessel,vessel_pi_H1_px22,0.007765698040595526,0.0009303148344518976
Disc & Vessel,vessel_pi_H0_px24,0.007742223773675547,0.001427590120516368
Disc & Vessel,vessel_pi_H1_px12,0.00737558974472031,0.0012098988682762229
Disc & Vessel,vessel_pi_H0_px16,0.007368174073759776,0.000854672979449252
Disc & Vessel,vessel_betti_curve_H1_bin8,0.007266748389679169,0.0008136706938710603
Disc & Vessel,vessel_pi_H0_px0,0.007177904610712165,0.0013344226396441543
Disc & Vessel,vessel_pi_H0_px21,0.007042276682821811,0.0009297493120706751
Disc & Vessel,vessel_pi_H1_px0,0.006819229141813739,0.0015657314380990977
Disc & Vessel,cup_pi_H1_px12,0.006743689188558025,0.0016843700527616305
Disc & Vessel,cup_pi_H0_px18,0.006349464466678056,0.0008249145769142788
Disc & Vessel,vessel_betti_curve_H0_bin3,0.006264537575591468,0.00029104427317274025
Disc & Vessel,vessel_pi_H0_px20,0.006216052692489574,0.0008029302716807256
Disc & Vessel,cup_pi_H1_px16,0.006061729685276683,0.0005967503339339369
Disc & Vessel,cup_betti_curve_H1_bin6,0.006019498755903999,0.000668792002195995
Disc & Vessel,vessel_pi_H1_px20,0.005979707534374423,0.0013245641927295603
Disc & Vessel,cup_betti_curve_H0_bin1,0.0059387886019292594,0.0025305176599941656
Disc & Vessel,cup_betti_curve_H0_bin6,0.005924105973515065,0.0011684111524634428
Disc & Vessel,cup_betti_curve_H0_bin7,0.0058662173858991225,0.000920434591307929
Disc & Vessel,vessel_betti_curve_H1_bin7,0.005821717464528528,0.0006974442036692943
Disc & Vessel,vessel_pi_H1_px17,0.00571075735405641,0.0005675586115818891
Disc & Vessel,vessel_pi_H0_px15,0.00570082654468721,0.0009223115331787019
Disc & Vessel,cup_pi_H0_px12,0.005523404255452259,0.0005084129868409194
Disc & Vessel,cup_pi_H1_px11,0.00551715572944657,0.0015950562823831553
Disc & Vessel,vessel_pi_H0_px10,0.0055008110540446156,0.0011596047129015731
Disc & Vessel,vessel_betti_curve_H1_bin6,0.0053332801365825475,0.0011550271881332226
Disc & Vessel,cup_pi_H1_px18,0.005331460123701237,0.0007789759585245563
Disc & Vessel,cup_betti_curve_H0_bin5,0.005238560089497577,0.000811160935468467
Disc & Vessel,cup_pi_H0_px15,0.005129447950282575,0.001026423655810949
Disc & Vessel,vessel_pi_H1_px18,0.005122931296411992,0.0007677879197985002
Disc & Vessel,cup_betti_curve_H0_bin3,0.005078172047344195,0.000702083508510083
Disc & Vessel,cup_pi_H0_px0,0.004865854196363363,0.0007604504134584327
Disc & Vessel,cup_pi_H1_px7,0.004729783441248879,0.0011572051731381376
Disc & Vessel,cup_pi_H1_px3,0.004707301417005334,0.0007528352779597345
Disc & Vessel,vessel_pi_H0_px5,0.004706599660746967,0.0008942557832863458
Disc & Vessel,vessel_pi_H1_px16,0.00445850332021019,0.0009521171316515096
Disc & Vessel,vessel_pi_H1_px21,0.004431021733324452,0.0006166703388859355
Disc & Vessel,vessel_pi_H1_px10,0.004311260652638789,0.000786040816588905
Disc & Vessel,cup_pi_H1_px15,0.004304732970776076,0.0007267487356284422
Disc & Vessel,cup_betti_curve_H1_bin2,0.00426973132811616,0.0014284725861487145
Disc & Vessel,cup_betti_curve_H1_bin7,0.004247685491170078,0.00041313629387243516
Disc & Vessel,vessel_pi_H1_px11,0.004238437021081658,0.00018418471848669597
Disc & Vessel,cup_betti_curve_H1_bin5,0.004238420267550088,0.0009561672518515605
Disc & Vessel,vessel_pi_H0_px12,0.004188851167561675,0.0010382149161140782
Disc & Vessel,vessel_betti_curve_H0_bin2,0.004182647599396032,0.0004954753504385787
Disc & Vessel,cup_pi_H0_px1,0.004179370195104527,0.000724897425739368
Disc & Vessel,cup_pi_H1_px2,0.004175399692898941,0.00046093307004919037
Disc & Vessel,vessel_betti_curve_H1_bin5,0.004151725674540632,0.00039960764776765967
Disc & Vessel,cup_pi_H1_px10,0.004147702046263937,0.0012479310725007967
Disc & Vessel,vessel_pi_H0_px6,0.004031499992054705,0.00031488255627728145
Disc & Vessel,vessel_pi_H0_px18,0.003955477793046983,0.000874705456518244
Disc & Vessel,vessel_betti_curve_H1_bin4,0.0038909368471132305,0.000479147754876877
Disc & Vessel,cup_betti_curve_H0_bin8,0.003848477161594781,0.0008132240206358914
Disc & Vessel,cup_pi_H0_px10,0.0038462874713904296,0.0015062211498164666
Disc & Vessel,cup_pi_H0_px11,0.0038439673189468128,0.0012294179746873306
Disc & Vessel,cup_pi_H1_px13,0.0037603889439487255,0.0009619010548082485
Disc & Vessel,cup_betti_curve_H0_bin4,0.0035961407755934504,0.0008329430441871099
Disc & Vessel,cup_pi_H0_px7,0.003581775144565651,0.0007378386264429914
Disc & Vessel,cup_pi_H1_px1,0.003559987148079178,0.0010753136151940576
Disc & Vessel,vessel_pi_H1_px5,0.0034595678643068463,0.0007880862274914266
Disc & Vessel,vessel_betti_curve_H1_bin3,0.003333804085598606,0.0009058760331394688
Disc & Vessel,cup_betti_curve_H1_bin4,0.0033090528921318973,0.00039899314150559467
Disc & Vessel,vessel_pi_H1_px15,0.0032948869060811167,0.0005802107098485381
Disc & Vessel,vessel_pi_H1_px6,0.003230991484665901,0.0005497276117346388
Disc & Vessel,vessel_betti_curve_H1_bin2,0.003139430154922876,0.0004463136976691644
Disc & Vessel,cup_pi_H0_px13,0.0030518559484337742,0.0006460433509845018
Disc & Vessel,vessel_betti_curve_H1_bin1,0.0029886358053548448,0.0005684310638996151
Disc & Vessel,cup_betti_curve_H0_bin2,0.002953412733867204,0.00033162128398940056
Disc & Vessel,vessel_betti_curve_H0_bin1,0.0029061323685104865,0.0005437757150260536
Disc & Vessel,cup_betti_curve_H1_bin8,0.0027924439040746185,0.00041018212851661763
Disc & Vessel,cup_pi_H0_px2,0.002745415357655623,0.0005528813304565383
Disc & Vessel,cup_pi_H0_px6,0.0025929086472581933,0.0007082781353551567
Disc & Vessel,vessel_pi_H1_px1,0.002550066317569281,0.00026940673171051735
Disc & Vessel,cup_betti_curve_H1_bin3,0.002535531002552966,0.0008263931268811024
Disc & Vessel,cup_pi_H1_px8,0.002109912692150053,0.00022719391958820237
Disc & Vessel,cup_betti_curve_H1_bin1,0.002060477500725833,0.000492182177930449
Disc & Vessel,vessel_pi_H1_px7,0.0020051375114020537,0.00018356045450048443
Disc & Vessel,cup_pi_H0_px5,0.0017675871278124526,0.0004763857966844362
Disc & Vessel,vessel_pi_H1_px13,0.0016357204931563844,0.000318987144005829
Disc & Vessel,cup_pi_H0_px3,0.0015918857092174505,0.0006694956894508879
Disc & Vessel,cup_pi_H1_px0,0.001224019450764113,0.00021320138325518894
Disc & Vessel,cup_pi_H1_px6,0.0012135190173754484,0.00017243998191086886
Disc & Vessel,vessel_pi_H1_px2,0.0011878325550054756,0.00040095290602714604
Disc & Vessel,cup_pi_H0_px8,0.0011256703101319744,0.0003360055759377917
Disc & Vessel,vessel_pi_H0_px1,0.001007532040153785,0.00034727153464550307
Disc & Vessel,cup_pi_H1_px5,0.0009844921146813285,0.00019135954714228362
Disc & Vessel,cup_pi_H1_px19,0.0006101867424188439,9.740114752469428e-05
Disc & Vessel,cup_pi_H1_px14,0.0005928805824055658,0.0002467037089065778
Disc & Vessel,vessel_pi_H0_px7,0.0005748054740931749,0.0002484312279584104
Disc & Vessel,cup_betti_curve_H0_bin0,0.0005725656437139664,0.00018698853643381693
Disc & Vessel,vessel_betti_curve_H0_bin0,0.00043620146193340374,0.00019174971017397479
Disc & Vessel,vessel_betti_curve_H1_bin0,0.00043250560791361194,0.00010844335297986381
Disc & Vessel,cup_betti_curve_H1_bin0,0.0004021313061324053,0.00020032904513739272
Disc & Vessel,cup_pi_H0_px19,0.0004008987942225275,0.000191757785291149
Disc & Vessel,vessel_pi_H1_px8,0.0003126820517098867,0.00011503096773154942
Disc & Vessel,vessel_pi_H0_px13,0.0001670306536438755,0.00011672101338150505
Disc & Vessel,vessel_pi_H0_px2,0.00015103889282108297,6.882777676618068e-05
Disc & Vessel,vessel_pi_H1_px3,6.527180736068633e-05,3.185253027965519e-05
Disc & Vessel,cup_pi_H0_px14,4.478289224708758e-05,5.879550142329604e-05
Disc & Vessel,cup_pi_H0_px4,2.193197116602727e-05,2.6887430123828175e-05
Disc & Vessel,vessel_pi_H1_px19,1.502723772116439e-05,3.005447544232878e-05
Disc & Vessel,cup_pi_H1_px9,4.345419585605968e-06,8.690839171209721e-06
Disc & Vessel,vessel_pi_H1_px9,0.0,0.0
Disc & Vessel,vessel_pi_H0_px9,0.0,0.0
Disc & Vessel,vessel_betti_curve_H0_bin9,0.0,0.0
Disc & Vessel,vessel_pi_H0_px8,0.0,0.0
Disc & Vessel,vessel_pi_H1_px4,0.0,0.0
Disc & Vessel,vessel_pi_H0_px19,0.0,0.0
Disc & Vessel,vessel_pi_H1_px14,0.0,0.0
Disc & Vessel,vessel_pi_H0_px4,0.0,0.0
Disc & Vessel,cup_betti_curve_H1_bin9,0.0,0.0
Disc & Vessel,vessel_betti_curve_H1_bin9,0.0,0.0
Disc & Vessel,cup_betti_curve_H0_bin9,0.0,0.0
Disc & Vessel,vessel_pi_H0_px3,0.0,0.0
Disc & Vessel,cup_pi_H0_px9,0.0,0.0
Disc & Vessel,cup_pi_H1_px4,0.0,0.0
Disc & Vessel,vessel_pi_H0_px14,0.0,0.0
Disc & Texture,texture_amp_wasserstein_H1,0.05737573466375516,0.007805308667617272
Disc & Texture,texture_pi_H0_px17,0.040315153693423506,0.004570798574675088
Disc & Texture,texture_pi_H0_px12,0.03629131653306461,0.003708740008387291
Disc & Texture,texture_pi_H0_px10,0.033179671584496036,0.002390621949570296
Disc & Texture,texture_amp_landscape_H1,0.020708927413034765,0.0038903016062785474
Disc & Texture,texture_amp_bottleneck_H0,0.019884648380720352,0.0018715312631341144
Disc & Texture,texture_pi_H0_px16,0.019386014254211555,0.0021395212330463506
Disc & Texture,texture_amp_heat_H1,0.019333303911402915,0.0031891033844671313
Disc & Texture,texture_entropy_H0,0.019194638007996912,0.0030028076283559026
Disc & Texture,texture_pi_H0_px18,0.018719069992772692,0.0016319496122386595
Disc & Texture,cup_amp_heat_H0,0.018009123462340657,0.0025692134693921223
Disc & Texture,texture_pi_H0_px7,0.015456783186142974,0.003524867089119852
Disc & Texture,texture_pi_H0_px24,0.015444242799336861,0.0013848820146128548
Disc & Texture,texture_betti_curve_H0_bin6,0.012879405783446544,0.0026895597103051313
Disc & Texture,texture_pi_H0_px15,0.012694220477562948,0.0033648679919814845
Disc & Texture,texture_amp_betti_H0,0.012282076515113656,0.0023519671352431495
Disc & Texture,cup_amp_heat_H1,0.011229421550564842,0.0010214671282939775
Disc & Texture,texture_amp_landscape_H0,0.010572271602616305,0.0019258571759912452
Disc & Texture,texture_amp_wasserstein_H0,0.01040089997951447,0.0015442107134241644
Disc & Texture,texture_amp_betti_H1,0.010319369794416739,0.0010121884036502632
Disc & Texture,cup_pi_H0_px24,0.010093664995462144,0.0005729770996345015
Disc & Texture,texture_pi_H0_px11,0.010045804184116863,0.001774728171126194
Disc & Texture,texture_pi_H1_px24,0.010043295736875481,0.0009085431082811491
Disc & Texture,texture_betti_curve_H0_bin7,0.009949775163271684,0.0010390667885868431
Disc & Texture,texture_betti_curve_H0_bin4,0.009884416179913915,0.0022508871600965563
Disc & Texture,cup_pi_H0_px21,0.009154658679292455,0.0007850205087777974
Disc & Texture,texture_amp_heat_H0,0.009065076453122867,0.000556106030267958
Disc & Texture,cup_amp_wasserstein_H0,0.008815537071418172,0.0014203204331608673
Disc & Texture,texture_pi_H1_px21,0.008748678797404813,0.0019445009264133343
Disc & Texture,cup_amp_betti_H0,0.008500013042594479,0.0013798511724251083
Disc & Texture,cup_pi_H1_px21,0.008389260154998598,0.0008105829415491615
Disc & Texture,cup_pi_H1_px22,0.008374205178895195,0.001734326322937961
Disc & Texture,texture_entropy_H1,0.008352008786415985,0.0012230411253948653
Disc & Texture,cup_pi_H1_px24,0.00825206358731936,0.0016790425924230134
Disc & Texture,texture_pi_H0_px5,0.008112493676881783,0.001954134131863713
Disc & Texture,cup_amp_landscape_H1,0.008022976165724246,0.0015692365832257326
Disc & Texture,cup_entropy_H1,0.008019375509327221,0.0010949248809910346
Disc & Texture,cup_pi_H0_px23,0.007773346220657893,0.0023658820951696336
Disc & Texture,texture_pi_H0_px23,0.007768045632603253,0.0009232669136789061
Disc & Texture,cup_pi_H0_px17,0.0076594096066969096,0.002018601241611258
Disc & Texture,cup_amp_wasserstein_H1,0.007570401563836551,0.0008751533042234012
Disc & Texture,texture_pi_H0_px21,0.007558069063704484,0.0005319967296020127
Disc & Texture,cup_entropy_H0,0.007535911737734037,0.0012085821771815961
Disc & Texture,texture_amp_bottleneck_H1,0.007446323356262022,0.0008244603900139979
Disc & Texture,texture_betti_curve_H0_bin5,0.007420428838782721,0.0008978988717259381
Disc & Texture,texture_betti_curve_H1_bin6,0.007414494702408093,0.0019294024863639979
Disc & Texture,cup_pi_H1_px20,0.007247371982727716,0.0005928113330600276
Disc & Texture,cup_amp_landscape_H0,0.007032960556927502,0.0011029598688445095
Disc & Texture,cup_pi_H0_px20,0.006912426550054779,0.0008681349322031894
Disc & Texture,cup_amp_betti_H1,0.006899079600528174,0.0008900413689198395
Disc & Texture,texture_pi_H1_px23,0.0068783828633820305,0.0007452528407623268
Disc & Texture,texture_pi_H1_px12,0.006799826755270974,0.0009044236982819817
Disc & Texture,texture_pi_H1_px22,0.006746132641542726,0.001179100541403711
Disc & Texture,texture_pi_H0_px22,0.0066651029328121236,0.0016100921888117846
Disc & Texture,texture_pi_H0_px20,0.006532185554608367,0.0008114860017359567
Disc & Texture,texture_betti_curve_H0_bin2,0.006376044801230388,0.0014905207210922631
Disc & Texture,cup_pi_H0_px22,0.006321826961998639,0.0004849722273888954
Disc & Texture,texture_betti_curve_H1_bin5,0.0061669933072576195,0.00039706574765660085
Disc & Texture,texture_pi_H1_px20,0.006094924114160745,0.0011579568583835063
Disc & Texture,texture_betti_curve_H1_bin7,0.006083617556341148,0.0015648932610590244
Disc & Texture,cup_pi_H1_px23,0.006007467118040029,0.0014155937196023013
Disc & Texture,texture_pi_H1_px16,0.005998092353704838,0.0013684936516973252
Disc & Texture,texture_betti_curve_H0_bin3,0.0059886317467421875,0.0008640016411741691
Disc & Texture,cup_pi_H1_px17,0.005966207091194517,0.0008729305545913947
Disc & Texture,texture_pi_H1_px15,0.00588580504526045,0.0011888256786197777
Disc & Texture,cup_pi_H0_px16,0.00584775098534381,0.0007473170428773571
Disc & Texture,cup_amp_bottleneck_H0,0.005789438813911653,0.0007829966332099363
Disc & Texture,texture_pi_H1_px11,0.0057113606801935425,0.0008359078708150413
Disc & Texture,texture_pi_H0_px6,0.005412216364445867,0.0008609768421580765
Disc & Texture,texture_betti_curve_H1_bin4,0.00537923270002667,0.00047230715623215215
Disc & Texture,cup_amp_bottleneck_H1,0.005337539343966208,0.0010294416447091796
Disc & Texture,texture_pi_H1_px1,0.005283555019816729,0.0025395676730686784
Disc & Texture,texture_pi_H0_px0,0.005209760638783187,0.0008693286495519928
Disc & Texture,texture_pi_H1_px18,0.005155473235957145,0.001085437112396452
Disc & Texture,cup_pi_H0_px18,0.0050765180440670455,0.0005084652103894264
Disc & Texture,texture_pi_H1_px17,0.004988094257583029,0.00022354579813728095
Disc & Texture,texture_betti_curve_H0_bin8,0.004756124432395984,0.0005867998816821907
Disc & Texture,texture_betti_curve_H0_bin1,0.004552475477633389,0.0009115244948983009
Disc & Texture,cup_betti_curve_H0_bin6,0.004525987280988625,0.0011037894846238517
Disc & Texture,texture_betti_curve_H1_bin2,0.004492362009327779,0.0005506341896098758
Disc & Texture,cup_pi_H0_px15,0.004449049478490209,0.0009667143650421359
Disc & Texture,texture_betti_curve_H1_bin3,0.004427952744299158,0.000725020306189338
Disc & Texture,cup_betti_curve_H0_bin7,0.004371442795213024,0.00042070844613840746
Disc & Texture,texture_pi_H0_px13,0.004348719523149304,0.00100613510790897
Disc & Texture,texture_pi_H1_px6,0.0042892100242159364,0.0009480398495284998
Disc & Texture,cup_pi_H1_px12,0.004283475327715356,0.0013515561792327602
Disc & Texture,texture_pi_H1_px0,0.00423703792859967,0.0008808544741138359
Disc & Texture,cup_pi_H1_px18,0.004208393506152641,0.00036507497690762186
Disc & Texture,cup_betti_curve_H0_bin5,0.00411979025690262,0.0007362890229626705
Disc & Texture,cup_pi_H1_px16,0.00411857156947189,0.0007293693767831052
Disc & Texture,cup_betti_curve_H1_bin6,0.004040830085244037,0.001003804075012584
Disc & Texture,texture_betti_curve_H1_bin8,0.003989625071928425,0.00045190093163290855
Disc & Texture,texture_pi_H1_px10,0.003887032077503197,0.0007645953085465663
Disc & Texture,cup_betti_curve_H1_bin2,0.0037746212069448594,0.0010698749681751724
Disc & Texture,texture_pi_H0_px1,0.0036011596148380056,0.00028268971373046566
Disc & Texture,cup_betti_curve_H1_bin4,0.0035414050809686876,0.0007141792494723755
Disc & Texture,texture_betti_curve_H1_bin1,0.003540769665517729,0.0005365511258779452
Disc & Texture,cup_betti_curve_H0_bin4,0.003539240366745023,0.00012612450906040649
Disc & Texture,cup_pi_H1_px7,0.003518054765716136,0.0005389880875514651
Disc & Texture,cup_pi_H0_px0,0.0034837120221615824,0.0005524796866439206
Disc & Texture,cup_pi_H1_px3,0.0034274300087029476,0.0007324079052589105
Disc & Texture,cup_betti_curve_H1_bin7,0.0033310448503167216,0.0004721019036196494
Disc & Texture,texture_pi_H1_px7,0.0033211502550119197,0.0004806840309737179
Disc & Texture,texture_pi_H1_px5,0.0032667676414911972,0.00046991844116986143
Disc & Texture,cup_pi_H1_px2,0.003196477036430199,0.0007035256119835962
Disc & Texture,cup_betti_curve_H1_bin5,0.0031041580089714196,0.0006348049457183183
Disc & Texture,cup_pi_H0_px12,0.0030964273551955562,0.0004407969283108196
Disc & Texture,cup_betti_curve_H0_bin1,0.003093729389152837,0.0003998041327240478
Disc & Texture,cup_betti_curve_H0_bin3,0.0030493742829465443,0.0003388160797448645
Disc & Texture,cup_pi_H1_px11,0.00304539648240169,0.0007984406955657521
Disc & Texture,cup_betti_curve_H0_bin8,0.0028202755821075585,0.0005396345318296362
Disc & Texture,cup_pi_H1_px15,0.0027349657006161708,0.00024015267773956032
Disc & Texture,cup_pi_H1_px13,0.002627844889878503,0.000395587804529555
Disc & Texture,cup_pi_H0_px10,0.002465903161641317,0.0005785115454225205
Disc & Texture,cup_betti_curve_H1_bin8,0.0024447117205374656,0.0003452222481065079
Disc & Texture,cup_betti_curve_H1_bin3,0.0023864748230396212,0.0005987056582230114
Disc & Texture,cup_pi_H1_px1,0.0023494977665499206,0.00028694275372854414
Disc & Texture,cup_betti_curve_H0_bin2,0.002273576349693939,0.0002728162204679734
Disc & Texture,cup_pi_H0_px2,0.0021425783164210205,0.0001463172029355003
Disc & Texture,texture_pi_H1_px13,0.0021253357691606257,0.0004502881087101318
Disc & Texture,cup_pi_H0_px3,0.0020688473015396105,0.000771249509087357
Disc & Texture,cup_pi_H0_px11,0.0019984555900811477,0.000548039523315138
Disc & Texture,cup_pi_H0_px1,0.001995632148461084,0.00037004958801486906
Disc & Texture,cup_pi_H0_px13,0.0019611658610292487,0.0003801938455224976
Disc & Texture,cup_pi_H0_px6,0.0018351728040730234,0.0004510199116881129
Disc & Texture,cup_pi_H1_px10,0.0016889828377342434,0.00037810296576513383
Disc & Texture,texture_pi_H0_px2,0.001629832610846213,0.0005198868557144491
Disc & Texture,cup_betti_curve_H1_bin1,0.0016007544030336954,3.858965598651571e-05
Disc & Texture,cup_pi_H0_px5,0.0015702410838225385,0.00013470836947503158
Disc & Texture,cup_pi_H0_px7,0.00142189013728556,0.0004644566330474624
Disc & Texture,cup_pi_H1_px8,0.0014128048330333011,0.00022308161855244855
Disc & Texture,texture_pi_H0_px8,0.0012311082949397177,0.00038566968493162855
Disc & Texture,texture_pi_H0_px19,0.0012273616883429026,0.0001744712008366745
Disc & Texture,texture_betti_curve_H0_bin0,0.001097242372054366,0.0003880117606620854
Disc & Texture,cup_pi_H1_px6,0.0010932267833543643,0.0002784890933601301
Disc & Texture,cup_pi_H1_px0,0.0009356970690518635,5.770617737422026e-05
Disc & Texture,cup_pi_H1_px5,0.0007569963712096214,0.0003407429729361663
Disc & Texture,texture_betti_curve_H1_bin0,0.0007489148511231686,0.0005052273105708081
Disc & Texture,cup_pi_H1_px19,0.0006790824470787197,0.0001278439908484251
Disc & Texture,cup_betti_curve_H1_bin0,0.0006557683670403427,0.00028956687864040186
Disc & Texture,texture_pi_H1_px19,0.000529302649667825,0.0003466277931396235
Disc & Texture,cup_pi_H0_px8,0.0004944435927871405,7.393312662236388e-05
Disc & Texture,texture_pi_H1_px2,0.0004437593025708859,0.0001828223331948682
Disc & Texture,cup_pi_H0_px19,0.00026407619947811607,0.0001669763406045657
Disc & Texture,cup_betti_curve_H0_bin0,0.00024553483435454503,0.00015158613589340509
Disc & Texture,texture_pi_H1_px3,0.0001887545155631649,0.00015482651149098582
Disc & Texture,texture_pi_H1_px8,0.00018541618635695427,8.83593676175824e-05
Disc & Texture,cup_pi_H1_px14,0.00013014619804020228,0.00018123150360160832
Disc & Texture,texture_pi_H0_px14,2.4789307525438412e-05,4.010099027941496e-05
Disc & Texture,cup_pi_H0_px14,2.0253435084609783e-05,2.5442993551747068e-05
Disc & Texture,cup_pi_H0_px4,1.5351577117980198e-05,3.0703154235960396e-05
Disc & Texture,texture_pi_H0_px3,4.525471676040146e-06,9.050943352079108e-06
Disc & Texture,texture_pi_H0_px9,4.259882716371146e-06,8.519765432741923e-06
Disc & Texture,cup_betti_curve_H0_bin9,0.0,0.0
Disc & Texture,cup_betti_curve_H1_bin9,0.0,0.0
Disc & Texture,texture_betti_curve_H1_bin9,0.0,0.0
Disc & Texture,cup_pi_H1_px9,0.0,0.0
Disc & Texture,cup_pi_H0_px9,0.0,0.0
Disc & Texture,texture_pi_H1_px14,0.0,0.0
Disc & Texture,texture_pi_H1_px9,0.0,0.0
Disc & Texture,texture_pi_H1_px4,0.0,0.0
Disc & Texture,texture_pi_H0_px4,0.0,0.0
Disc & Texture,texture_betti_curve_H0_bin9,0.0,0.0
Disc & Texture,cup_pi_H1_px4,0.0,0.0
Vessel & Texture,texture_amp_wasserstein_H1,0.05590031803951825,0.005085855661739434
Vessel & Texture,texture_pi_H0_px12,0.04116012738168061,0.0027396961601805375
Vessel & Texture,texture_pi_H0_px17,0.03788845485457098,0.002962869389782183
Vessel & Texture,texture_pi_H0_px10,0.031186144340477718,0.0016326583781202247
Vessel & Texture,texture_amp_heat_H1,0.023659335085927546,0.0020846544158516604
Vessel & Texture,texture_amp_landscape_H1,0.020734906741079445,0.004824672663648006
Vessel & Texture,texture_pi_H0_px18,0.020006147496604024,0.001985793019998568
Vessel & Texture,texture_amp_bottleneck_H0,0.018552952888517906,0.0023946951678230914
Vessel & Texture,texture_pi_H0_px16,0.018014110385240166,0.0017959872662307922
Vessel & Texture,vessel_amp_wasserstein_H1,0.017516635939965816,0.0024286119779174573
Vessel & Texture,texture_entropy_H0,0.017413480742101268,0.0036565586358491375
Vessel & Texture,vessel_amp_betti_H1,0.017406707469753598,0.002830784761143958
Vessel & Texture,texture_pi_H0_px7,0.01543087384084627,0.003142359233644024
Vessel & Texture,texture_pi_H0_px24,0.01439179535926204,0.0032959530323312986
Vessel & Texture,texture_pi_H0_px15,0.013722481058862892,0.0029647760779532035
Vessel & Texture,texture_pi_H1_px24,0.011953283825338282,0.0008115821647685689
Vessel & Texture,texture_amp_landscape_H0,0.010721743058314805,0.0004226442329899345
Vessel & Texture,vessel_entropy_H1,0.010623493188141476,0.0025389841617038194
Vessel & Texture,texture_pi_H0_px11,0.009858330617177663,0.0010116741538060037
Vessel & Texture,texture_betti_curve_H0_bin4,0.009845926039272975,0.0013599719568474684
Vessel & Texture,texture_betti_curve_H0_bin7,0.009839478958628878,0.0014247105171498076
Vessel & Texture,vessel_amp_betti_H0,0.009780259560307699,0.0009080420222406928
Vessel & Texture,vessel_betti_curve_H0_bin8,0.009665533758253467,0.0014759146651517295
Vessel & Texture,texture_betti_curve_H0_bin6,0.009629506795839217,0.0020916881632095747
Vessel & Texture,texture_pi_H0_px5,0.009518146226126229,0.0011297883297313987
Vessel & Texture,vessel_amp_landscape_H1,0.00932774469695651,0.001206912291749076
Vessel & Texture,texture_amp_betti_H0,0.009221009481871724,0.0022152379098542303
Vessel & Texture,vessel_pi_H0_px17,0.009212689660265746,0.0014419711570680899
Vessel & Texture,texture_pi_H1_px21,0.00901967198797264,0.0020738039793920075
Vessel & Texture,texture_amp_heat_H0,0.008504088930362575,0.0010005310801593022
Vessel & Texture,vessel_amp_heat_H0,0.008387202127870901,0.0010891920188141812
Vessel & Texture,vessel_pi_H0_px23,0.008186829256063257,0.001373142911169117
Vessel & Texture,texture_amp_betti_H1,0.008128602561358673,0.001489441731430446
Vessel & Texture,texture_entropy_H1,0.007981873252929214,0.0009660507708354195
Vessel & Texture,vessel_entropy_H0,0.007911020681604031,0.0010345251512000624
Vessel & Texture,texture_pi_H0_px23,0.007843730177352647,0.0012837903264849113
Vessel & Texture,texture_pi_H1_px16,0.007737927030065423,0.0009333410818798169
Vessel & Texture,texture_pi_H0_px21,0.007733008968894617,0.0006942505187904457
Vessel & Texture,texture_betti_curve_H0_bin5,0.007566950627190869,0.0011805340969502796
Vessel & Texture,texture_amp_wasserstein_H0,0.007533841768026234,0.00133483203905125
Vessel & Texture,texture_pi_H1_px22,0.00743298349266531,0.0005061317368580362
Vessel & Texture,texture_pi_H0_px20,0.007209554622284367,0.00083021146279998
Vessel & Texture,texture_pi_H1_px20,0.007154161632242681,0.0012281022977623155
Vessel & Texture,texture_pi_H1_px23,0.007099022472613905,0.0008803211308933763
Vessel & Texture,vessel_pi_H1_px23,0.0070235320123725655,0.0013310154224079405
Vessel & Texture,vessel_betti_curve_H0_bin7,0.0070153059321789325,0.0008152306663389981
Vessel & Texture,vessel_amp_bottleneck_H1,0.007012415990174733,0.0013233553635370098
Vessel & Texture,texture_pi_H1_px12,0.0067513272897037095,0.0005779514271269158
Vessel & Texture,vessel_pi_H0_px22,0.006684132368291161,0.0014048819161148252
Vessel & Texture,texture_amp_bottleneck_H1,0.006628436852912635,0.0015847020973253502
Vessel & Texture,texture_betti_curve_H1_bin4,0.00659166913801357,0.0009636306194525782
Vessel & Texture,texture_betti_curve_H0_bin2,0.006559886964508085,0.0006891328409179501
Vessel & Texture,texture_pi_H0_px22,0.006547237237722129,0.0005223550025808261
Vessel & Texture,vessel_amp_landscape_H0,0.006493776765554018,0.0007134636303427998
Vessel & Texture,vessel_amp_wasserstein_H0,0.006487568643603041,0.0013478828378624002
Vessel & Texture,texture_betti_curve_H1_bin6,0.006285313559293186,0.0013913115569255386
Vessel & Texture,texture_betti_curve_H0_bin1,0.006281881486818316,0.0009575486605663035
Vessel & Texture,texture_pi_H1_px15,0.006193694021093048,0.0017931255714990634
Vessel & Texture,texture_pi_H0_px6,0.006188143468035916,0.000491786642299946
Vessel & Texture,vessel_pi_H1_px24,0.006180464436973575,0.0010135301656460133
Vessel & Texture,vessel_betti_curve_H1_bin8,0.0061304796330682145,0.0007088030382424365
Vessel & Texture,vessel_pi_H0_px16,0.005925015493205258,0.0009683377214830153
Vessel & Texture,texture_betti_curve_H1_bin5,0.005895958227382937,0.0006325606108741577
Vessel & Texture,vessel_pi_H0_px24,0.005745512442783983,0.0007121333016425818
Vessel & Texture,vessel_betti_curve_H0_bin5,0.005694775617670585,0.0007460795644975244
Vessel & Texture,vessel_betti_curve_H0_bin6,0.005614648811820706,0.0005875206041436854
Vessel & Texture,vessel_amp_bottleneck_H0,0.005565928519943203,0.0008055177886843397
Vessel & Texture,vessel_pi_H0_px0,0.005552693950265811,0.0006661341795868368
Vessel & Texture,vessel_amp_heat_H1,0.005425780748680201,0.0009148995389728078
Vessel & Texture,texture_pi_H1_px11,0.005352423083801527,0.0004557999614741599
Vessel & Texture,texture_pi_H1_px1,0.005342180341764098,0.00167388428414236
Vessel & Texture,texture_betti_curve_H0_bin3,0.005330223941830531,0.0009026251132106831
Vessel & Texture,texture_pi_H1_px0,0.005282317176113936,0.001899087159319984
Vessel & Texture,texture_pi_H1_px18,0.005247421615623928,0.0008324092083444516
Vessel & Texture,texture_pi_H0_px0,0.005240071826075905,0.0011013169299447516
Vessel & Texture,texture_betti_curve_H1_bin7,0.005184170516760815,0.0011834343955695978
Vessel & Texture,texture_pi_H1_px17,0.005159141136364418,0.0009314574264255039
Vessel & Texture,vessel_pi_H0_px11,0.0050613003922400125,0.0009132347596955173
Vessel & Texture,vessel_betti_curve_H1_bin7,0.005056736971044897,0.0006035413522759995
Vessel & Texture,vessel_pi_H1_px12,0.004978803117947442,0.0010875975046213487
Vessel & Texture,texture_pi_H1_px10,0.004967481100138374,0.000660790617316827
Vessel & Texture,vessel_pi_H0_px21,0.00488640219308959,0.0006484883769342986
Vessel & Texture,texture_betti_curve_H1_bin3,0.0045590066159497495,0.0009467916268405808
Vessel & Texture,texture_pi_H1_px6,0.0045432100867144835,0.0008406650613816379
Vessel & Texture,texture_pi_H0_px13,0.00453741731504317,0.0014148411848523721
Vessel & Texture,texture_betti_curve_H1_bin2,0.004494708427636355,0.0002847566089506255
Vessel & Texture,vessel_pi_H1_px22,0.00444357339875585,0.0006614713045314461
Vessel & Texture,vessel_betti_curve_H0_bin3,0.00442126676678859,0.0004848492507724778
Vessel & Texture,texture_betti_curve_H1_bin8,0.0043911826868718844,0.0007489984344926645
Vessel & Texture,texture_betti_curve_H0_bin8,0.0043409517509818436,0.0007272554091740518
Vessel & Texture,vessel_pi_H0_px20,0.004290572410380073,0.0004724228111867064
Vessel & Texture,texture_pi_H0_px1,0.004266506010947882,0.0007753152057809866
Vessel & Texture,vessel_pi_H1_px17,0.00419919703426131,0.0003789227303318923
Vessel & Texture,vessel_pi_H0_px10,0.004171702280131556,0.0005109384309181141
Vessel & Texture,vessel_pi_H0_px15,0.004081707765379477,0.0011060691304984438
Vessel & Texture,vessel_pi_H0_px6,0.004030003902820611,0.0007565969587251082
Vessel & Texture,vessel_pi_H0_px18,0.003987824523203362,0.0012734365659523232
Vessel & Texture,vessel_pi_H1_px0,0.003955943789032116,0.0006502401934917077
Vessel & Texture,vessel_pi_H1_px20,0.0038983003776866393,0.0006290820984970996
Vessel & Texture,vessel_pi_H0_px5,0.0038947879088225127,0.000458520347470741
Vessel & Texture,vessel_betti_curve_H0_bin4,0.0038538369361781114,0.0011676710665987208
Vessel & Texture,vessel_betti_curve_H1_bin6,0.0038408659653929,0.0005707427277506526
Vessel & Texture,vessel_pi_H1_px18,0.003667208299527844,0.0005293876800017285
Vessel & Texture,texture_pi_H1_px7,0.0035315774607439948,0.0005456395819697599
Vessel & Texture,texture_betti_curve_H1_bin1,0.0034849568369484775,0.0005960976337748698
Vessel & Texture,vessel_betti_curve_H1_bin4,0.0034250723301847614,0.0004435682822502992
Vessel & Texture,vessel_pi_H1_px11,0.0033323460671851207,0.0003057625061527285
Vessel & Texture,vessel_betti_curve_H1_bin5,0.003275688447912531,0.0005009108244494295
Vessel & Texture,vessel_pi_H0_px12,0.0031320628653060444,0.000559546740966951
Vessel & Texture,vessel_betti_curve_H0_bin2,0.0031139970176377943,0.0005413940551701361
Vessel & Texture,vessel_pi_H1_px5,0.003045871056205311,0.0008384722736986406
Vessel & Texture,texture_pi_H1_px5,0.003039035925464122,0.0009953196918834042
Vessel & Texture,vessel_pi_H1_px15,0.0029903665722045896,0.0002796254735855061
Vessel & Texture,vessel_pi_H1_px16,0.0028937437836822773,0.0006620016919909848
Vessel & Texture,texture_pi_H1_px13,0.0027905373791018884,0.0003239062185634838
Vessel & Texture,vessel_pi_H1_px21,0.0027493001650098813,0.000134066144218402
Vessel & Texture,vessel_betti_curve_H0_bin1,0.002721259382230838,0.0005175046397691119
Vessel & Texture,vessel_betti_curve_H1_bin3,0.002515944494359825,0.0004338637357132364
Vessel & Texture,vessel_pi_H1_px6,0.0024349061679830334,0.00047552116588142347
Vessel & Texture,vessel_betti_curve_H1_bin1,0.002250483743291531,0.0003966355783930582
Vessel & Texture,vessel_pi_H1_px10,0.002182258849527218,0.0003446116869936024
Vessel & Texture,vessel_betti_curve_H1_bin2,0.0019053294805481242,0.00064714206252121
Vessel & Texture,vessel_pi_H1_px1,0.001877442436624474,0.00044625589476845876
Vessel & Texture,vessel_pi_H1_px7,0.0015783692717578832,0.0002264637817771075
Vessel & Texture,vessel_pi_H1_px2,0.001368348360805472,0.0002257082394632697
Vessel & Texture,vessel_pi_H1_px13,0.001356078704120732,0.00037392205808895964
Vessel & Texture,texture_pi_H0_px19,0.0012122577334867327,0.00045209454701240634
Vessel & Texture,texture_pi_H0_px2,0.0011064297775288932,0.00015191859946962443
Vessel & Texture,vessel_pi_H0_px1,0.0010245308178148582,0.00024091211875666485
Vessel & Texture,texture_pi_H0_px8,0.0009746276677732761,0.0005580429580060943
Vessel & Texture,vessel_pi_H0_px7,0.000816070849764845,0.0003259060941532515
Vessel & Texture,texture_betti_curve_H0_bin0,0.0008010329031436127,0.00035391346173467645
Vessel & Texture,texture_betti_curve_H1_bin0,0.0006434641127917816,0.00027943032068019594
Vessel & Texture,texture_pi_H1_px2,0.0006223583199417855,0.00013551104559296007
Vessel & Texture,vessel_betti_curve_H0_bin0,0.0005546777958650458,0.0004911044245399679
Vessel & Texture,texture_pi_H1_px19,0.0005049571530138656,0.00012377354026093913
Vessel & Texture,vessel_betti_curve_H1_bin0,0.000503859926655522,0.000129140146101096
Vessel & Texture,vessel_pi_H1_px8,0.0003515011539273911,3.215298003558042e-05
Vessel & Texture,vessel_pi_H0_px2,0.00025263569643711097,0.000153163369097001
Vessel & Texture,vessel_pi_H0_px13,0.00018374799031168184,0.00011993182127081294
Vessel & Texture,texture_pi_H1_px8,0.00017089582816934388,0.0001048851354611675
Vessel & Texture,texture_pi_H1_px3,0.00015963210553567812,0.00014391445686302216
Vessel & Texture,vessel_pi_H1_px3,4.304922244149461e-05,2.686993906498077e-05
Vessel & Texture,texture_pi_H0_px14,2.8845607359691284e-05,3.844235094841832e-05
Vessel & Texture,texture_pi_H0_px9,4.334181429645148e-06,8.668362859289832e-06
Vessel & Texture,texture_pi_H0_px3,1.6550072597459168e-19,3.3100145194918337e-19
Vessel & Texture,texture_pi_H1_px14,0.0,0.0
Vessel & Texture,texture_pi_H0_px4,0.0,0.0
Vessel & Texture,texture_pi_H1_px4,0.0,0.0
Vessel & Texture,vessel_pi_H1_px9,0.0,0.0
Vessel & Texture,vessel_pi_H0_px14,0.0,0.0
Vessel & Texture,vessel_pi_H0_px9,0.0,0.0
Vessel & Texture,vessel_pi_H0_px19,0.0,0.0
Vessel & Texture,vessel_betti_curve_H0_bin9,0.0,0.0
Vessel & Texture,vessel_betti_curve_H1_bin9,0.0,0.0
Vessel & Texture,texture_pi_H1_px9,0.0,0.0
Vessel & Texture,vessel_pi_H0_px4,0.0,0.0
Vessel & Texture,vessel_pi_H1_px19,0.0,0.0
Vessel & Texture,vessel_pi_H1_px14,0.0,0.0
Vessel & Texture,vessel_pi_H0_px8,0.0,0.0
Vessel & Texture,texture_betti_curve_H1_bin9,0.0,0.0
Vessel & Texture,vessel_pi_H0_px3,0.0,0.0
Vessel & Texture,texture_betti_curve_H0_bin9,0.0,0.0
Vessel & Texture,vessel_pi_H1_px4,0.0,0.0
All three,texture_pi_H0_px17,0.036278328532046475,0.004097439444590332
All three,texture_amp_wasserstein_H1,0.03626484271260462,0.004785430036580281
All three,texture_pi_H0_px10,0.03408756816579857,0.004441598395241118
All three,texture_pi_H0_px12,0.03315062545936201,0.0016597574525934475
All three,texture_amp_landscape_H1,0.019264737844468798,0.0030749568543487144
All three,vessel_amp_wasserstein_H1,0.01811404341558725,0.003542516593476141
All three,cup_amp_heat_H0,0.016773769830645338,0.002554028251320381
All three,texture_pi_H0_px16,0.015667765552835118,0.0010929901240649086
All three,texture_amp_bottleneck_H0,0.015052896417816241,0.0013380306381899684
All three,vessel_amp_betti_H1,0.01364482918335041,0.0015281638762520843
All three,texture_pi_H0_px18,0.013438797438234656,0.0016246752677568609
All three,texture_amp_heat_H1,0.013399154753665788,0.0031747256722696768
All three,texture_entropy_H0,0.01198118830526526,0.0025914804242033085
All three,texture_pi_H0_px15,0.011869014510566272,0.0036138137924569703
All three,cup_amp_heat_H1,0.011573805336770144,0.0012127023599123794
All three,texture_pi_H0_px24,0.01064537071890853,0.001651353850474253
All three,texture_pi_H0_px7,0.01035256542353557,0.0025539532757612032
All three,texture_pi_H0_px5,0.00888031518647212,0.0021651809313862156
All three,texture_pi_H1_px24,0.008789836951003892,0.00058690513015079
All three,texture_betti_curve_H0_bin4,0.008534323825066562,0.002382228661320621
All three,vessel_amp_betti_H0,0.008309826668140593,0.0009336329411192104
All three,texture_amp_landscape_H0,0.008292440665752802,0.0021519134896201752
All three,vessel_pi_H0_px17,0.008070220963523611,0.0012988767100185446
All three,texture_pi_H1_px21,0.008037260776406712,0.0015135962530003508
All three,cup_pi_H0_px24,0.0076968979765783905,0.001791489135112616
All three,texture_betti_curve_H0_bin6,0.007674982508197857,0.0006484393115970118
All three,vessel_entropy_H1,0.007285837400235929,0.0008382367858832101
All three,texture_pi_H0_px11,0.007256003946168503,0.0014361050667080055
All three,texture_amp_betti_H1,0.007207894040321132,0.0008578330905252275
All three,texture_amp_betti_H0,0.007146981953175593,0.001485054138487959
All three,vessel_entropy_H0,0.007140037021485651,0.0024550540907721475
All three,texture_betti_curve_H0_bin7,0.007076329361895188,0.0007679434890276188
All three,cup_pi_H1_px22,0.006725341920887623,0.0018061342422685726
All three,cup_amp_wasserstein_H0,0.006642276312546583,0.0015016380513510929
All three,vessel_amp_landscape_H1,0.006329344835711105,0.0011849861549784511
All three,cup_pi_H0_px21,0.006247987265293307,0.0012471233433130314
All three,cup_amp_betti_H0,0.006218169840206491,0.0008256379246224928
All three,vessel_betti_curve_H0_bin8,0.006212099586999252,0.0004909609147848057
All three,vessel_pi_H0_px23,0.006190427153899209,0.0009499897614110509
All three,texture_amp_wasserstein_H0,0.006158208694191286,0.0012795970060333936
All three,cup_amp_landscape_H0,0.006044482508391547,0.0015664614004272989
All three,vessel_amp_wasserstein_H0,0.005910498593410169,0.0010131939622906668
All three,cup_entropy_H1,0.0058300002963271235,0.000586307012415475
All three,cup_pi_H1_px21,0.005780089724327118,0.0005935147631553941
All three,vessel_pi_H1_px24,0.005778523703240489,0.0006363709025716326
All three,texture_pi_H1_px16,0.005756111179612629,0.0011455333926620765
All three,texture_betti_curve_H0_bin5,0.005659270137284842,0.0012407859502934096
All three,vessel_amp_heat_H0,0.005643154025895053,0.0010806168654049315
All three,cup_pi_H1_px24,0.0056293125212520684,0.0022285965859467887
All three,vessel_amp_bottleneck_H1,0.005573127069560628,0.0006807536152117696
All three,vessel_betti_curve_H0_bin7,0.005524441271956047,0.0010986915830970998
All three,texture_pi_H0_px20,0.005433013738963037,0.0010458572034985905
All three,texture_pi_H0_px23,0.0054281572142606885,0.00100383542293643
All three,cup_amp_landscape_H1,0.005420204711428463,0.0006199172683378729
All three,cup_amp_wasserstein_H1,0.0054078969798281445,0.00019249505680565157
All three,texture_amp_bottleneck_H1,0.0054077020709840905,0.0014161584266013318
All three,texture_pi_H1_px23,0.005226582640104893,0.0004647950984413058
All three,texture_betti_curve_H1_bin7,0.005223925404736278,0.0013308963079772518
All three,cup_pi_H0_px20,0.005167649227866927,0.0009201540723548378
All three,texture_amp_heat_H0,0.005148037321650252,0.0009702056658102282
All three,texture_pi_H1_px22,0.005085481860079976,0.0012920093969847049
All three,cup_amp_betti_H1,0.005067218108658973,0.0008138834770839047
All three,vessel_pi_H0_px11,0.005043466645116489,0.0011854082411291496
All three,texture_pi_H1_px12,0.005033023187168399,0.0009412296132086425
All three,texture_pi_H0_px21,0.005024851463144622,0.0007450574898367011
All three,cup_pi_H0_px17,0.004951378943995976,0.0003694135664795822
All three,texture_pi_H0_px6,0.0048497879986517545,0.0007564204239565168
All three,cup_pi_H1_px23,0.0047739898909258,0.0008587751970865891
All three,texture_entropy_H1,0.004765489710903576,0.0008111867219227037
All three,cup_pi_H1_px20,0.004704325676833999,0.00048765882564406307
All three,cup_pi_H0_px22,0.004693390503806719,0.0005829190288336969
All three,vessel_amp_landscape_H0,0.004643784786377248,0.0008174530158967181
All three,texture_betti_curve_H0_bin3,0.004630243359796128,0.0003596513943753833
All three,vessel_betti_curve_H0_bin6,0.004616361347816884,0.0009184594768051322
All three,texture_pi_H1_px20,0.004601167256691503,0.0009207574915435784
All three,cup_entropy_H0,0.004592626703142683,0.0005480905840677276
All three,texture_betti_curve_H1_bin6,0.004561769821563456,0.001088651752425356
All three,texture_betti_curve_H1_bin4,0.0045577205053843935,0.0007977385266814343
All three,vessel_pi_H1_px23,0.004531101099223609,0.0008126766840747754
All three,texture_betti_curve_H1_bin5,0.004519614308934552,0.001039804983853608
All three,cup_amp_bottleneck_H1,0.004480978222885942,0.0006215968137586845
All three,texture_pi_H0_px22,0.004430629207815544,0.0001488074026043008
All three,texture_pi_H1_px18,0.0042998475620975845,0.0010322428826930804
All three,texture_pi_H1_px1,0.004213608796568789,0.001146989332783094
All three,vessel_pi_H0_px22,0.00414821304570204,0.0006652198154960378
All three,cup_pi_H0_px23,0.004139485907132277,0.0009103653812215243
All three,texture_pi_H1_px15,0.0040414780541855625,0.0005973735669358048
All three,cup_pi_H0_px16,0.0040191181827482145,0.0006976604026624465
All three,cup_amp_bottleneck_H0,0.004014626203480824,0.00028076271902436413
All three,cup_pi_H1_px17,0.003992583652970011,0.0007635491558496113
All three,vessel_pi_H0_px24,0.003992537623127361,0.0005283133596596986
All three,vessel_pi_H0_px16,0.0039615458674938635,0.0009018660044183684
All three,vessel_amp_bottleneck_H0,0.003949394765008013,0.00035046153523241616
All three,cup_betti_curve_H0_bin6,0.00393314270048486,0.0010028431827744037
All three,vessel_betti_curve_H1_bin8,0.003931129246691106,0.00036937157691793477
All three,texture_pi_H0_px0,0.003927471628823239,0.000951081381975444
All three,vessel_amp_heat_H1,0.0038722181081728493,0.0006759442816610027
All three,texture_pi_H1_px17,0.0037646222125241975,0.0006865490564278764
All three,texture_pi_H0_px13,0.0037237848392248905,0.0008777676372901267
All three,texture_betti_curve_H1_bin3,0.0036855123591781045,0.0005487866775921293
All three,texture_pi_H1_px11,0.0035386967244613226,0.0012346310996392842
All three,texture_betti_curve_H0_bin1,0.0035382992952542004,0.0011052372417236535
All three,vessel_pi_H1_px12,0.003532326823129968,0.0003526568197303171
All three,texture_pi_H1_px0,0.0034794734331559094,0.001061322364816551
All three,vessel_pi_H0_px0,0.0034123512925911537,0.00041182470468469783
All three,vessel_pi_H0_px21,0.0033762064262807382,0.0004247350370835187
All three,vessel_pi_H0_px6,0.003312208483895261,0.0005259547308383266
All three,texture_betti_curve_H0_bin2,0.0032913232902774038,0.00070248231181954
All three,texture_betti_curve_H0_bin8,0.00326723132062168,0.0006241881326196452
All three,vessel_betti_curve_H1_bin7,0.0032460474377077483,0.00043235909004218855
All three,cup_pi_H1_px7,0.003237622947395315,0.0006279497248808482
All three,cup_pi_H1_px12,0.003231020720931568,0.0010159777231391349
All three,cup_pi_H0_px18,0.0032241066754147897,0.0006439456484069803
All three,texture_pi_H0_px1,0.003214644910647192,0.0007474197100024899
All three,vessel_pi_H1_px22,0.003176661839386006,0.0009523891737385186
All three,cup_betti_curve_H0_bin5,0.003147027326766844,0.00027420402546716235
All three,vessel_pi_H0_px10,0.003076391489985692,0.0002843215294186775
All three,texture_betti_curve_H1_bin2,0.00306760451213729,0.0006533250934739184
All three,vessel_pi_H0_px20,0.0030294078060930994,0.0006927653782750066
All three,cup_betti_curve_H0_bin1,0.0030200627360630547,0.0011304196840606527
All three,vessel_pi_H1_px20,0.0030085036118923394,0.001029627079480787
All three,cup_betti_curve_H1_bin6,0.0030028710084258176,0.0004987718043308086
All three,cup_pi_H1_px18,0.0030008489882531473,0.0002445308240271536
All three,texture_pi_H1_px6,0.002943191339753156,0.0006684683212239313
All three,cup_pi_H0_px0,0.002929742475973493,0.0008907419525913375
All three,cup_betti_curve_H0_bin7,0.0029135041133592746,0.0007025739232678879
All three,vessel_betti_curve_H0_bin4,0.0028879714651200783,0.0008029589893248957
All three,vessel_betti_curve_H0_bin3,0.0028584630769717305,0.00042970480671130696
All three,vessel_pi_H1_px18,0.0028532995935176145,0.000388259766226292
All three,vessel_betti_curve_H0_bin5,0.0028516662174590712,0.0007871823737068233
All three,vessel_pi_H1_px17,0.0028492449082908084,0.000770542548951571
All three,vessel_betti_curve_H1_bin6,0.0027441402118374212,0.00029992611367189595
All three,vessel_pi_H0_px15,0.002724942999242161,0.0005602026491466791
All three,texture_pi_H1_px7,0.0027063934352370327,0.0003703790486437402
All three,texture_betti_curve_H1_bin8,0.0026994987552597808,0.0008157197188504319
All three,vessel_pi_H1_px11,0.0026932221811139527,0.000410513658931919
All three,texture_pi_H1_px10,0.0026020349424267612,0.0004022836019293163
All three,texture_betti_curve_H1_bin1,0.0025210797010673837,0.0003190215885736768
All three,vessel_pi_H0_px5,0.00251853116314003,0.0002609513883473451
All three,vessel_betti_curve_H1_bin5,0.0025152964680391944,0.0005606076199161167
All three,vessel_pi_H1_px21,0.0025060518469608205,0.0006770724708835296
All three,cup_pi_H0_px15,0.0024579951718673135,0.0002953298892954556
All three,vessel_pi_H0_px12,0.0024532663636523703,0.00045630402262172035
All three,cup_betti_curve_H1_bin2,0.0024251988964517426,0.0004201897532439703
All three,cup_betti_curve_H1_bin4,0.0023722864841579003,0.00030355779071244553
All three,cup_pi_H0_px12,0.002329179347052214,0.00027141735655997304
All three,vessel_betti_curve_H1_bin4,0.002311500413959013,0.00040646538296770595
All three,cup_betti_curve_H1_bin7,0.002310938358727813,0.0004565876618066081
All three,cup_pi_H1_px16,0.0023070423343405184,0.0002537365310069157
All three,cup_pi_H1_px3,0.002281040499430112,0.00035131893416711154
All three,cup_betti_curve_H0_bin4,0.0022749009040204824,0.0005363528957291586
All three,vessel_pi_H1_px16,0.0022639955574134257,0.000538341941771751
All three,cup_betti_curve_H1_bin5,0.0022235173461835076,0.0004285975713095933
All three,vessel_pi_H1_px0,0.00221306895975481,0.00026265603776407415
All three,vessel_betti_curve_H0_bin2,0.0020822614750431513,0.0002464511097465829
All three,vessel_pi_H0_px18,0.002078367502195677,0.0004126157416912073
All three,vessel_pi_H1_px5,0.0020681910479274966,0.0004625275471111286
All three,cup_betti_curve_H0_bin3,0.0019768689690717414,0.00018319201503705677
All three,texture_pi_H1_px5,0.0019572532826445227,0.0003576189796406433
All three,cup_pi_H1_px2,0.0019015738235076414,0.00042377503458259415
All three,cup_betti_curve_H0_bin8,0.0018919606337442895,0.0003117835904922127
All three,cup_pi_H0_px11,0.0018773315899431413,0.000780916655881837
All three,vessel_pi_H1_px15,0.00186553874313256,0.0002663440251076582
All three,cup_pi_H0_px1,0.001857914026068469,0.00030051184390893335
All three,cup_pi_H1_px11,0.0018168009920327753,0.0006972743043296424
All three,cup_betti_curve_H1_bin8,0.0018033377311865186,0.0004468101285628866
All three,cup_betti_curve_H1_bin3,0.0017966408785606916,0.0003133644794414836
All three,cup_pi_H1_px13,0.001644354555056398,0.0003468590197938225
All three,cup_pi_H1_px1,0.001603156383503643,0.00034597959947667815
All three,vessel_betti_curve_H1_bin3,0.0016022979953497802,0.00018001972313227464
All three,cup_pi_H0_px3,0.0016017560673879411,0.0007539881030144148
All three,vessel_betti_curve_H0_bin1,0.0015882814698224708,0.00025819305379949035
All three,vessel_pi_H1_px6,0.0015807930596617912,0.0003791724374574457
All three,cup_pi_H0_px6,0.00156148425353526,0.0006742657838406022
All three,texture_pi_H1_px13,0.0015460646720902526,0.0003307672584928874
All three,cup_betti_curve_H0_bin2,0.0015217773391185362,0.0004017871459525361
All three,vessel_pi_H1_px10,0.001500671530938518,0.0003044026614521082
All three,cup_pi_H1_px15,0.0014830739405991764,0.0003559885661565049
All three,cup_pi_H0_px10,0.0014746647561250307,0.0003144246998538266
All three,vessel_betti_curve_H1_bin2,0.0014198375975421839,0.0003417070674005806
All three,vessel_betti_curve_H1_bin1,0.0014189476889042035,0.0004829538663216453
All three,cup_pi_H0_px7,0.0013450355612161747,0.0005198459639476511
All three,texture_pi_H0_px2,0.0013283842196466938,0.0003746385815652931
All three,cup_pi_H1_px10,0.0012974560843994226,0.0004195289264437486
All three,vessel_pi_H1_px7,0.0012425398831317146,0.000211295559485922
All three,vessel_pi_H1_px1,0.0012012111834075908,0.00010078018777035129
All three,cup_pi_H0_px13,0.0011613798636281732,0.00011457658321211862
All three,cup_pi_H0_px2,0.0011515091581492892,0.00031510203467353454
All three,cup_pi_H1_px6,0.0009842590355780083,0.0002679772659695129
All three,cup_betti_curve_H1_bin1,0.0009396315215914068,0.00024833269232180674
All three,vessel_pi_H1_px2,0.0008983041985634365,0.0005307790656243128
All three,cup_pi_H0_px5,0.0008514260982260083,0.0002840958647604796
All three,texture_pi_H0_px19,0.0008418646936199295,0.00025837721554894166
All three,texture_pi_H0_px8,0.0008028406344987221,0.00040378548249936033
All three,vessel_pi_H1_px13,0.000795721232206309,0.0004428580026759292
All three,texture_betti_curve_H0_bin0,0.0007730433295438878,0.0002513668410912531
All three,cup_pi_H1_px8,0.000691527159912309,0.00019610294098609742
All three,texture_betti_curve_H1_bin0,0.0006488058787288876,0.00027188501363401886
All three,cup_pi_H1_px0,0.0006177710912482332,0.00019107815492718142
All three,vessel_pi_H0_px1,0.0006018421504067155,0.00023736639151875538
All three,cup_pi_H1_px5,0.0005884765654630345,0.00018527152191196038
All three,cup_pi_H1_px19,0.0005292998665573235,0.00022543277806047067
All three,cup_betti_curve_H1_bin0,0.0004207717352901763,9.475336411195153e-05
All three,vessel_pi_H0_px7,0.00041560477244045706,0.0001109145623188141
All three,vessel_betti_curve_H0_bin0,0.0003339153068398301,0.000103671232580077
All three,cup_pi_H0_px8,0.00032505088220966666,0.00010993502532216186
All three,vessel_betti_curve_H1_bin0,0.00032413513954007375,0.00011357942637423779
All three,texture_pi_H1_px2,0.000317702199215908,0.00013204368760822544
All three,texture_pi_H1_px19,0.00029555896668606775,0.00010782722787656981
All three,cup_pi_H0_px19,0.00025868503243624004,0.00016644744059727127
All three,cup_pi_H1_px14,0.0002003297228877992,0.00013294808399133068
All three,vessel_pi_H0_px13,0.00014113506834065374,9.586841300844786e-05
All three,vessel_pi_H1_px8,0.00014092053714610033,8.968724237650947e-05
All three,texture_pi_H1_px3,0.0001386706432213237,0.00010609528517291917
All three,texture_pi_H1_px8,0.0001289838767846345,9.397953822109276e-05
All three,vessel_pi_H0_px2,0.00012672771590437575,5.9939868179969854e-05
All three,cup_betti_curve_H0_bin0,0.00012011226399790183,6.926076642513329e-05
All three,vessel_pi_H1_px19,2.448112173685986e-05,4.126946231856436e-05
All three,vessel_pi_H1_px3,1.95792756272782e-05,1.7277716862263944e-05
All three,texture_pi_H0_px3,1.3005133224452051e-05,2.6010266448904102e-05
All three,cup_pi_H0_px4,1.1715035928917343e-05,2.3430071857834686e-05
All three,texture_pi_H0_px14,8.899413482819753e-06,1.7798826965639506e-05
All three,cup_pi_H0_px14,4.0899488598623345e-06,8.179897719724622e-06
All three,cup_pi_H1_px9,6.124078696770698e-19,1.2033039401442308e-18
All three,texture_pi_H0_px9,3.499938956257315e-20,6.99987791251463e-20
All three,vessel_pi_H1_px9,0.0,0.0
All three,vessel_pi_H0_px3,0.0,0.0
All three,vessel_pi_H0_px9,0.0,0.0
All three,cup_betti_curve_H0_bin9,0.0,0.0
All three,vessel_pi_H0_px8,0.0,0.0
All three,cup_betti_curve_H1_bin9,0.0,0.0
All three,vessel_pi_H1_px4,0.0,0.0
All three,vessel_pi_H0_px4,0.0,0.0
All three,texture_betti_curve_H1_bin9,0.0,0.0
All three,vessel_pi_H0_px14,0.0,0.0
All three,vessel_pi_H1_px14,0.0,0.0
All three,texture_betti_curve_H0_bin9,0.0,0.0
All three,texture_pi_H1_px4,0.0,0.0
All three,vessel_pi_H0_px19,0.0,0.0
All three,texture_pi_H1_px14,0.0,0.0
All three,cup_pi_H0_px9,0.0,0.0
All three,vessel_betti_curve_H0_bin9,0.0,0.0
All three,vessel_betti_curve_H1_bin9,0.0,0.0
All three,texture_pi_H0_px4,0.0,0.0
All three,texture_pi_H1_px9,0.0,0.0
All three,cup_pi_H1_px4,0.0,0.0
