fold,image_path,image_name,true_label,pred_prob,pred_label
1,image_cv_split\fold_1\val\GON+\10_0.jpg,10_0.jpg,0,0.18091873824596405,0
1,image_cv_split\fold_1\val\GON+\10_1.jpg,10_1.jpg,0,0.6208253502845764,1
1,image_cv_split\fold_1\val\GON+\10_2.jpg,10_2.jpg,0,0.034702546894550323,0
1,image_cv_split\fold_1\val\GON+\116_0.jpg,116_0.jpg,0,0.19368626177310944,0
1,image_cv_split\fold_1\val\GON+\116_1.jpg,116_1.jpg,0,0.009365321137011051,0
1,image_cv_split\fold_1\val\GON+\123_0.jpg,123_0.jpg,0,0.00570019381120801,0
1,image_cv_split\fold_1\val\GON+\123_1.jpg,123_1.jpg,0,0.010606986470520496,0
1,image_cv_split\fold_1\val\GON+\123_2.jpg,123_2.jpg,0,0.005310978274792433,0
1,image_cv_split\fold_1\val\GON+\126_0.jpg,126_0.jpg,0,0.00915457122027874,0
1,image_cv_split\fold_1\val\GON+\126_1.jpg,126_1.jpg,0,0.0027782379183918238,0
1,image_cv_split\fold_1\val\GON+\132_0.jpg,132_0.jpg,0,0.07895192503929138,0
1,image_cv_split\fold_1\val\GON+\132_1.jpg,132_1.jpg,0,0.13366661965847015,0
1,image_cv_split\fold_1\val\GON+\133_0.jpg,133_0.jpg,0,0.054483864456415176,0
1,image_cv_split\fold_1\val\GON+\140_0.jpg,140_0.jpg,0,0.28239208459854126,0
1,image_cv_split\fold_1\val\GON+\140_1.jpg,140_1.jpg,0,0.13462957739830017,0
1,image_cv_split\fold_1\val\GON+\140_2.jpg,140_2.jpg,0,0.03152444586157799,0
1,image_cv_split\fold_1\val\GON+\141_0.jpg,141_0.jpg,0,0.2016361653804779,0
1,image_cv_split\fold_1\val\GON+\141_1.jpg,141_1.jpg,0,0.24310870468616486,0
1,image_cv_split\fold_1\val\GON+\141_2.jpg,141_2.jpg,0,0.15932103991508484,0
1,image_cv_split\fold_1\val\GON+\141_3.jpg,141_3.jpg,0,0.4045402705669403,0
1,image_cv_split\fold_1\val\GON+\141_4.jpg,141_4.jpg,0,0.0044569955207407475,0
1,image_cv_split\fold_1\val\GON+\141_5.jpg,141_5.jpg,0,0.024787507951259613,0
1,image_cv_split\fold_1\val\GON+\141_6.jpg,141_6.jpg,0,0.0016877087764441967,0
1,image_cv_split\fold_1\val\GON+\145_0.jpg,145_0.jpg,0,0.024909652769565582,0
1,image_cv_split\fold_1\val\GON+\145_1.jpg,145_1.jpg,0,0.016815854236483574,0
1,image_cv_split\fold_1\val\GON+\145_2.jpg,145_2.jpg,0,0.15652664005756378,0
1,image_cv_split\fold_1\val\GON+\159_0.jpg,159_0.jpg,0,0.06655187159776688,0
1,image_cv_split\fold_1\val\GON+\159_1.jpg,159_1.jpg,0,0.16467377543449402,0
1,image_cv_split\fold_1\val\GON+\15_0.jpg,15_0.jpg,0,0.15878741443157196,0
1,image_cv_split\fold_1\val\GON+\164_0.jpg,164_0.jpg,0,0.0013907664688304067,0
1,image_cv_split\fold_1\val\GON+\164_1.jpg,164_1.jpg,0,0.0017035778146237135,0
1,image_cv_split\fold_1\val\GON+\164_2.jpg,164_2.jpg,0,0.001699632965028286,0
1,image_cv_split\fold_1\val\GON+\164_3.jpg,164_3.jpg,0,0.0011904643615707755,0
1,image_cv_split\fold_1\val\GON+\167_0.jpg,167_0.jpg,0,0.022395046427845955,0
1,image_cv_split\fold_1\val\GON+\167_1.jpg,167_1.jpg,0,0.0044982112012803555,0
1,image_cv_split\fold_1\val\GON+\179_0.jpg,179_0.jpg,0,0.003053633263334632,0
1,image_cv_split\fold_1\val\GON+\179_1.jpg,179_1.jpg,0,0.010307395830750465,0
1,image_cv_split\fold_1\val\GON+\179_2.jpg,179_2.jpg,0,0.010579829104244709,0
1,image_cv_split\fold_1\val\GON+\17_0.jpg,17_0.jpg,0,0.05169994384050369,0
1,image_cv_split\fold_1\val\GON+\17_1.jpg,17_1.jpg,0,0.012340144254267216,0
1,image_cv_split\fold_1\val\GON+\17_2.jpg,17_2.jpg,0,0.000667714630253613,0
1,image_cv_split\fold_1\val\GON+\17_3.jpg,17_3.jpg,0,0.006261562462896109,0
1,image_cv_split\fold_1\val\GON+\17_4.jpg,17_4.jpg,0,0.0007903158548288047,0
1,image_cv_split\fold_1\val\GON+\17_5.jpg,17_5.jpg,0,0.011852031573653221,0
1,image_cv_split\fold_1\val\GON+\183_0.jpg,183_0.jpg,0,0.08671674877405167,0
1,image_cv_split\fold_1\val\GON+\183_1.jpg,183_1.jpg,0,0.013343547470867634,0
1,image_cv_split\fold_1\val\GON+\183_2.jpg,183_2.jpg,0,0.0969017893075943,0
1,image_cv_split\fold_1\val\GON+\183_3.jpg,183_3.jpg,0,0.004538194742053747,0
1,image_cv_split\fold_1\val\GON+\183_4.jpg,183_4.jpg,0,0.034837644547224045,0
1,image_cv_split\fold_1\val\GON+\183_5.jpg,183_5.jpg,0,0.0027889260090887547,0
1,image_cv_split\fold_1\val\GON+\183_6.jpg,183_6.jpg,0,0.07651998102664948,0
1,image_cv_split\fold_1\val\GON+\183_7.jpg,183_7.jpg,0,0.0018544526537880301,0
1,image_cv_split\fold_1\val\GON+\19_0.jpg,19_0.jpg,0,0.01989423669874668,0
1,image_cv_split\fold_1\val\GON+\25_0.jpg,25_0.jpg,0,0.018096081912517548,0
1,image_cv_split\fold_1\val\GON+\25_1.jpg,25_1.jpg,0,0.012943279929459095,0
1,image_cv_split\fold_1\val\GON+\28_0.jpg,28_0.jpg,0,0.009556826204061508,0
1,image_cv_split\fold_1\val\GON+\28_1.jpg,28_1.jpg,0,0.005673395935446024,0
1,image_cv_split\fold_1\val\GON+\28_2.jpg,28_2.jpg,0,0.0017381178913637996,0
1,image_cv_split\fold_1\val\GON+\28_3.jpg,28_3.jpg,0,0.0016936113825067878,0
1,image_cv_split\fold_1\val\GON+\37_0.jpg,37_0.jpg,0,0.008503765799105167,0
1,image_cv_split\fold_1\val\GON+\41_0.jpg,41_0.jpg,0,0.003570985747501254,0
1,image_cv_split\fold_1\val\GON+\42_0.jpg,42_0.jpg,0,0.027837133035063744,0
1,image_cv_split\fold_1\val\GON+\42_1.jpg,42_1.jpg,0,0.0030066934414207935,0
1,image_cv_split\fold_1\val\GON+\42_2.jpg,42_2.jpg,0,0.024629658088088036,0
1,image_cv_split\fold_1\val\GON+\42_3.jpg,42_3.jpg,0,0.020321732386946678,0
1,image_cv_split\fold_1\val\GON+\54_0.jpg,54_0.jpg,0,0.007340880110859871,0
1,image_cv_split\fold_1\val\GON+\54_1.jpg,54_1.jpg,0,0.009286824613809586,0
1,image_cv_split\fold_1\val\GON+\54_2.jpg,54_2.jpg,0,0.0030717989429831505,0
1,image_cv_split\fold_1\val\GON+\54_3.jpg,54_3.jpg,0,0.020473137497901917,0
1,image_cv_split\fold_1\val\GON+\5_0.jpg,5_0.jpg,0,0.044046830385923386,0
1,image_cv_split\fold_1\val\GON+\5_1.jpg,5_1.jpg,0,0.26527076959609985,0
1,image_cv_split\fold_1\val\GON+\61_0.jpg,61_0.jpg,0,0.007052536588162184,0
1,image_cv_split\fold_1\val\GON+\61_1.jpg,61_1.jpg,0,0.009994855150580406,0
1,image_cv_split\fold_1\val\GON+\61_2.jpg,61_2.jpg,0,0.012875995598733425,0
1,image_cv_split\fold_1\val\GON+\61_3.jpg,61_3.jpg,0,0.002331293188035488,0
1,image_cv_split\fold_1\val\GON+\61_4.jpg,61_4.jpg,0,0.010036039166152477,0
1,image_cv_split\fold_1\val\GON+\65_0.jpg,65_0.jpg,0,0.010745914652943611,0
1,image_cv_split\fold_1\val\GON+\65_1.jpg,65_1.jpg,0,0.005534600466489792,0
1,image_cv_split\fold_1\val\GON+\65_2.jpg,65_2.jpg,0,0.006985668558627367,0
1,image_cv_split\fold_1\val\GON+\65_3.jpg,65_3.jpg,0,0.0017119144322350621,0
1,image_cv_split\fold_1\val\GON+\65_4.jpg,65_4.jpg,0,0.047840666025877,0
1,image_cv_split\fold_1\val\GON+\65_5.jpg,65_5.jpg,0,0.026205724105238914,0
1,image_cv_split\fold_1\val\GON+\65_6.jpg,65_6.jpg,0,0.021496718749403954,0
1,image_cv_split\fold_1\val\GON+\65_7.jpg,65_7.jpg,0,0.005311887711286545,0
1,image_cv_split\fold_1\val\GON+\67_0.jpg,67_0.jpg,0,0.004254823084920645,0
1,image_cv_split\fold_1\val\GON+\71_0.jpg,71_0.jpg,0,0.036452919244766235,0
1,image_cv_split\fold_1\val\GON+\71_1.jpg,71_1.jpg,0,0.006043857429176569,0
1,image_cv_split\fold_1\val\GON+\74_0.jpg,74_0.jpg,0,0.05329478159546852,0
1,image_cv_split\fold_1\val\GON+\74_1.jpg,74_1.jpg,0,0.033786360174417496,0
1,image_cv_split\fold_1\val\GON+\75_0.jpg,75_0.jpg,0,0.036908023059368134,0
1,image_cv_split\fold_1\val\GON+\75_1.jpg,75_1.jpg,0,0.005370792467147112,0
1,image_cv_split\fold_1\val\GON+\75_2.jpg,75_2.jpg,0,0.025351304560899734,0
1,image_cv_split\fold_1\val\GON+\77_0.jpg,77_0.jpg,0,0.0020472595933824778,0
1,image_cv_split\fold_1\val\GON+\77_1.jpg,77_1.jpg,0,0.0010767525527626276,0
1,image_cv_split\fold_1\val\GON+\77_2.jpg,77_2.jpg,0,0.0007770649972371757,0
1,image_cv_split\fold_1\val\GON+\77_3.jpg,77_3.jpg,0,0.0009980433387681842,0
1,image_cv_split\fold_1\val\GON+\78_0.jpg,78_0.jpg,0,0.0011291971895843744,0
1,image_cv_split\fold_1\val\GON+\78_1.jpg,78_1.jpg,0,0.004556275904178619,0
1,image_cv_split\fold_1\val\GON+\7_0.jpg,7_0.jpg,0,0.004118140786886215,0
1,image_cv_split\fold_1\val\GON+\83_0.jpg,83_0.jpg,0,0.01662835292518139,0
1,image_cv_split\fold_1\val\GON+\83_1.jpg,83_1.jpg,0,0.014931494370102882,0
1,image_cv_split\fold_1\val\GON+\86_0.jpg,86_0.jpg,0,0.04037664085626602,0
1,image_cv_split\fold_1\val\GON+\86_1.jpg,86_1.jpg,0,0.04037664085626602,0
1,image_cv_split\fold_1\val\GON+\94_0.jpg,94_0.jpg,0,0.06838501989841461,0
1,image_cv_split\fold_1\val\GON+\94_1.jpg,94_1.jpg,0,0.06838501989841461,0
1,image_cv_split\fold_1\val\GON+\94_2.jpg,94_2.jpg,0,0.018095623701810837,0
1,image_cv_split\fold_1\val\GON+\94_3.jpg,94_3.jpg,0,0.01855522394180298,0
1,image_cv_split\fold_1\val\GON+\98_0.jpg,98_0.jpg,0,0.3945663273334503,0
1,image_cv_split\fold_1\val\GON+\99_0.jpg,99_0.jpg,0,0.14667640626430511,0
1,image_cv_split\fold_1\val\GON+\99_1.jpg,99_1.jpg,0,0.006902981083840132,0
1,image_cv_split\fold_1\val\GON+\99_2.jpg,99_2.jpg,0,0.07181478291749954,0
1,image_cv_split\fold_1\val\GON+\99_3.jpg,99_3.jpg,0,0.049136023968458176,0
1,image_cv_split\fold_1\val\GON+\99_4.jpg,99_4.jpg,0,0.004102404695004225,0
1,image_cv_split\fold_1\val\GON+\99_5.jpg,99_5.jpg,0,0.02850533090531826,0
1,image_cv_split\fold_1\val\GON-\189_0.jpg,189_0.jpg,1,0.7509950995445251,1
1,image_cv_split\fold_1\val\GON-\189_1.jpg,189_1.jpg,1,0.9471508264541626,1
1,image_cv_split\fold_1\val\GON-\189_2.jpg,189_2.jpg,1,0.8778932690620422,1
1,image_cv_split\fold_1\val\GON-\194_0.jpg,194_0.jpg,1,0.1764398217201233,0
1,image_cv_split\fold_1\val\GON-\194_1.jpg,194_1.jpg,1,0.9321885108947754,1
1,image_cv_split\fold_1\val\GON-\197_0.jpg,197_0.jpg,1,0.9369352459907532,1
1,image_cv_split\fold_1\val\GON-\198_0.jpg,198_0.jpg,1,0.8078851699829102,1
1,image_cv_split\fold_1\val\GON-\200_0.jpg,200_0.jpg,1,0.6187071204185486,1
1,image_cv_split\fold_1\val\GON-\200_1.jpg,200_1.jpg,1,0.787720263004303,1
1,image_cv_split\fold_1\val\GON-\200_2.jpg,200_2.jpg,1,0.6310729384422302,1
1,image_cv_split\fold_1\val\GON-\200_3.jpg,200_3.jpg,1,0.7879358530044556,1
1,image_cv_split\fold_1\val\GON-\201_0.jpg,201_0.jpg,1,0.5990590453147888,1
1,image_cv_split\fold_1\val\GON-\201_1.jpg,201_1.jpg,1,0.8956639766693115,1
1,image_cv_split\fold_1\val\GON-\211_0.jpg,211_0.jpg,1,0.912726104259491,1
1,image_cv_split\fold_1\val\GON-\211_1.jpg,211_1.jpg,1,0.8879833221435547,1
1,image_cv_split\fold_1\val\GON-\211_2.jpg,211_2.jpg,1,0.9433708190917969,1
1,image_cv_split\fold_1\val\GON-\214_0.jpg,214_0.jpg,1,0.5724758505821228,1
1,image_cv_split\fold_1\val\GON-\214_1.jpg,214_1.jpg,1,0.8148629069328308,1
1,image_cv_split\fold_1\val\GON-\214_2.jpg,214_2.jpg,1,0.6323375105857849,1
1,image_cv_split\fold_1\val\GON-\214_3.jpg,214_3.jpg,1,0.9549719095230103,1
1,image_cv_split\fold_1\val\GON-\232_0.jpg,232_0.jpg,1,0.8491495847702026,1
1,image_cv_split\fold_1\val\GON-\237_0.jpg,237_0.jpg,1,0.09245211631059647,0
1,image_cv_split\fold_1\val\GON-\237_1.jpg,237_1.jpg,1,0.26529058814048767,0
1,image_cv_split\fold_1\val\GON-\246_0.jpg,246_0.jpg,1,0.82143634557724,1
1,image_cv_split\fold_1\val\GON-\250_0.jpg,250_0.jpg,1,0.9607902765274048,1
1,image_cv_split\fold_1\val\GON-\250_1.jpg,250_1.jpg,1,0.9381396174430847,1
1,image_cv_split\fold_1\val\GON-\252_0.jpg,252_0.jpg,1,0.7551933526992798,1
1,image_cv_split\fold_1\val\GON-\252_1.jpg,252_1.jpg,1,0.7787159085273743,1
1,image_cv_split\fold_1\val\GON-\253_0.jpg,253_0.jpg,1,0.4360088109970093,0
1,image_cv_split\fold_1\val\GON-\253_1.jpg,253_1.jpg,1,0.7865144610404968,1
1,image_cv_split\fold_1\val\GON-\253_2.jpg,253_2.jpg,1,0.1558775007724762,0
1,image_cv_split\fold_1\val\GON-\256_0.jpg,256_0.jpg,1,0.9113736748695374,1
1,image_cv_split\fold_1\val\GON-\256_1.jpg,256_1.jpg,1,0.8860399723052979,1
1,image_cv_split\fold_1\val\GON-\266_0.jpg,266_0.jpg,1,0.9307316541671753,1
1,image_cv_split\fold_1\val\GON-\267_0.jpg,267_0.jpg,1,0.8914476633071899,1
1,image_cv_split\fold_1\val\GON-\274_0.jpg,274_0.jpg,1,0.806925892829895,1
1,image_cv_split\fold_1\val\GON-\275_0.jpg,275_0.jpg,1,0.3259262144565582,0
1,image_cv_split\fold_1\val\GON-\275_1.jpg,275_1.jpg,1,0.3767886161804199,0
1,image_cv_split\fold_1\val\GON-\275_2.jpg,275_2.jpg,1,0.9402824640274048,1
1,image_cv_split\fold_1\val\GON-\277_0.jpg,277_0.jpg,1,0.9613882899284363,1
1,image_cv_split\fold_1\val\GON-\277_1.jpg,277_1.jpg,1,0.9012866020202637,1
1,image_cv_split\fold_1\val\GON-\277_2.jpg,277_2.jpg,1,0.954314649105072,1
2,image_cv_split\fold_2\val\GON+\104_0.jpg,104_0.jpg,0,0.0015735921915620565,0
2,image_cv_split\fold_2\val\GON+\104_1.jpg,104_1.jpg,0,0.00011420337250456214,0
2,image_cv_split\fold_2\val\GON+\104_2.jpg,104_2.jpg,0,1.454364519304363e-05,0
2,image_cv_split\fold_2\val\GON+\104_3.jpg,104_3.jpg,0,0.0017055429052561522,0
2,image_cv_split\fold_2\val\GON+\104_4.jpg,104_4.jpg,0,0.0119726387783885,0
2,image_cv_split\fold_2\val\GON+\104_5.jpg,104_5.jpg,0,0.0001739037543302402,0
2,image_cv_split\fold_2\val\GON+\104_6.jpg,104_6.jpg,0,0.0028201830573379993,0
2,image_cv_split\fold_2\val\GON+\110_0.jpg,110_0.jpg,0,1.9310316929477267e-05,0
2,image_cv_split\fold_2\val\GON+\110_1.jpg,110_1.jpg,0,0.01421684492379427,0
2,image_cv_split\fold_2\val\GON+\110_2.jpg,110_2.jpg,0,0.24933050572872162,0
2,image_cv_split\fold_2\val\GON+\114_0.jpg,114_0.jpg,0,0.005194631405174732,0
2,image_cv_split\fold_2\val\GON+\114_1.jpg,114_1.jpg,0,0.08470135182142258,0
2,image_cv_split\fold_2\val\GON+\114_2.jpg,114_2.jpg,0,0.0475611537694931,0
2,image_cv_split\fold_2\val\GON+\115_0.jpg,115_0.jpg,0,0.09682043641805649,0
2,image_cv_split\fold_2\val\GON+\115_1.jpg,115_1.jpg,0,0.366972416639328,0
2,image_cv_split\fold_2\val\GON+\117_0.jpg,117_0.jpg,0,6.0326765378704295e-05,0
2,image_cv_split\fold_2\val\GON+\120_0.jpg,120_0.jpg,0,0.001151343691162765,0
2,image_cv_split\fold_2\val\GON+\120_1.jpg,120_1.jpg,0,0.0006692847819067538,0
2,image_cv_split\fold_2\val\GON+\125_0.jpg,125_0.jpg,0,0.0011212709359824657,0
2,image_cv_split\fold_2\val\GON+\130_0.jpg,130_0.jpg,0,0.0003763159329537302,0
2,image_cv_split\fold_2\val\GON+\142_0.jpg,142_0.jpg,0,0.01896943897008896,0
2,image_cv_split\fold_2\val\GON+\146_0.jpg,146_0.jpg,0,0.008212007582187653,0
2,image_cv_split\fold_2\val\GON+\14_0.jpg,14_0.jpg,0,0.24878814816474915,0
2,image_cv_split\fold_2\val\GON+\14_1.jpg,14_1.jpg,0,0.6556881070137024,1
2,image_cv_split\fold_2\val\GON+\151_0.jpg,151_0.jpg,0,0.0005361312068998814,0
2,image_cv_split\fold_2\val\GON+\151_1.jpg,151_1.jpg,0,0.003222050843760371,0
2,image_cv_split\fold_2\val\GON+\151_2.jpg,151_2.jpg,0,0.006174988113343716,0
2,image_cv_split\fold_2\val\GON+\151_3.jpg,151_3.jpg,0,0.0014688036171719432,0
2,image_cv_split\fold_2\val\GON+\151_4.jpg,151_4.jpg,0,0.0004177617665845901,0
2,image_cv_split\fold_2\val\GON+\152_0.jpg,152_0.jpg,0,7.951206498546526e-06,0
2,image_cv_split\fold_2\val\GON+\154_0.jpg,154_0.jpg,0,0.21739299595355988,0
2,image_cv_split\fold_2\val\GON+\154_1.jpg,154_1.jpg,0,0.20301096141338348,0
2,image_cv_split\fold_2\val\GON+\154_2.jpg,154_2.jpg,0,0.000836729072034359,0
2,image_cv_split\fold_2\val\GON+\154_3.jpg,154_3.jpg,0,0.00025856911088339984,0
2,image_cv_split\fold_2\val\GON+\154_4.jpg,154_4.jpg,0,0.003801453858613968,0
2,image_cv_split\fold_2\val\GON+\154_5.jpg,154_5.jpg,0,0.001283752848394215,0
2,image_cv_split\fold_2\val\GON+\156_0.jpg,156_0.jpg,0,0.0009803117718547583,0
2,image_cv_split\fold_2\val\GON+\157_0.jpg,157_0.jpg,0,0.0026638703420758247,0
2,image_cv_split\fold_2\val\GON+\157_1.jpg,157_1.jpg,0,1.9659612007671967e-05,0
2,image_cv_split\fold_2\val\GON+\157_2.jpg,157_2.jpg,0,0.002078152261674404,0
2,image_cv_split\fold_2\val\GON+\157_3.jpg,157_3.jpg,0,0.00010874447616515681,0
2,image_cv_split\fold_2\val\GON+\160_0.jpg,160_0.jpg,0,0.0006202159565873444,0
2,image_cv_split\fold_2\val\GON+\160_1.jpg,160_1.jpg,0,6.062861575628631e-05,0
2,image_cv_split\fold_2\val\GON+\168_0.jpg,168_0.jpg,0,0.0003394113155081868,0
2,image_cv_split\fold_2\val\GON+\168_1.jpg,168_1.jpg,0,0.12854808568954468,0
2,image_cv_split\fold_2\val\GON+\168_2.jpg,168_2.jpg,0,0.2513195276260376,0
2,image_cv_split\fold_2\val\GON+\176_0.jpg,176_0.jpg,0,0.004584494978189468,0
2,image_cv_split\fold_2\val\GON+\176_1.jpg,176_1.jpg,0,0.018279656767845154,0
2,image_cv_split\fold_2\val\GON+\176_2.jpg,176_2.jpg,0,0.0017513385973870754,0
2,image_cv_split\fold_2\val\GON+\180_0.jpg,180_0.jpg,0,0.0020282575860619545,0
2,image_cv_split\fold_2\val\GON+\180_1.jpg,180_1.jpg,0,0.003744943765923381,0
2,image_cv_split\fold_2\val\GON+\180_2.jpg,180_2.jpg,0,0.000453335844213143,0
2,image_cv_split\fold_2\val\GON+\180_3.jpg,180_3.jpg,0,0.006245779804885387,0
2,image_cv_split\fold_2\val\GON+\180_4.jpg,180_4.jpg,0,0.012132101692259312,0
2,image_cv_split\fold_2\val\GON+\180_5.jpg,180_5.jpg,0,0.0008733830181881785,0
2,image_cv_split\fold_2\val\GON+\24_0.jpg,24_0.jpg,0,0.0007675454253330827,0
2,image_cv_split\fold_2\val\GON+\32_0.jpg,32_0.jpg,0,0.1621260941028595,0
2,image_cv_split\fold_2\val\GON+\32_1.jpg,32_1.jpg,0,0.0001584709680173546,0
2,image_cv_split\fold_2\val\GON+\32_2.jpg,32_2.jpg,0,0.0018793671624734998,0
2,image_cv_split\fold_2\val\GON+\34_0.jpg,34_0.jpg,0,0.0010331750381737947,0
2,image_cv_split\fold_2\val\GON+\34_1.jpg,34_1.jpg,0,0.00020042982941959053,0
2,image_cv_split\fold_2\val\GON+\34_2.jpg,34_2.jpg,0,0.2529178857803345,0
2,image_cv_split\fold_2\val\GON+\34_3.jpg,34_3.jpg,0,6.431960355257615e-05,0
2,image_cv_split\fold_2\val\GON+\35_0.jpg,35_0.jpg,0,0.015405670739710331,0
2,image_cv_split\fold_2\val\GON+\35_1.jpg,35_1.jpg,0,0.0027104613836854696,0
2,image_cv_split\fold_2\val\GON+\43_0.jpg,43_0.jpg,0,0.0030325513798743486,0
2,image_cv_split\fold_2\val\GON+\43_1.jpg,43_1.jpg,0,0.00019577043713070452,0
2,image_cv_split\fold_2\val\GON+\43_2.jpg,43_2.jpg,0,0.0007582364487461746,0
2,image_cv_split\fold_2\val\GON+\43_3.jpg,43_3.jpg,0,0.0002230866375612095,0
2,image_cv_split\fold_2\val\GON+\44_0.jpg,44_0.jpg,0,4.8201232857536525e-05,0
2,image_cv_split\fold_2\val\GON+\44_1.jpg,44_1.jpg,0,0.0012990017421543598,0
2,image_cv_split\fold_2\val\GON+\44_2.jpg,44_2.jpg,0,0.0008441301761195064,0
2,image_cv_split\fold_2\val\GON+\44_3.jpg,44_3.jpg,0,0.00026027081185020506,0
2,image_cv_split\fold_2\val\GON+\44_4.jpg,44_4.jpg,0,0.00016385983326472342,0
2,image_cv_split\fold_2\val\GON+\44_5.jpg,44_5.jpg,0,0.0019791910890489817,0
2,image_cv_split\fold_2\val\GON+\44_6.jpg,44_6.jpg,0,8.344653178937733e-05,0
2,image_cv_split\fold_2\val\GON+\45_0.jpg,45_0.jpg,0,5.403375325840898e-05,0
2,image_cv_split\fold_2\val\GON+\48_0.jpg,48_0.jpg,0,8.990344213088974e-06,0
2,image_cv_split\fold_2\val\GON+\49_0.jpg,49_0.jpg,0,0.000945046660490334,0
2,image_cv_split\fold_2\val\GON+\49_1.jpg,49_1.jpg,0,0.0010848685633391142,0
2,image_cv_split\fold_2\val\GON+\50_0.jpg,50_0.jpg,0,0.962358295917511,1
2,image_cv_split\fold_2\val\GON+\50_1.jpg,50_1.jpg,0,3.975674189860001e-05,0
2,image_cv_split\fold_2\val\GON+\50_2.jpg,50_2.jpg,0,0.0015459610149264336,0
2,image_cv_split\fold_2\val\GON+\56_0.jpg,56_0.jpg,0,3.7712616176577285e-06,0
2,image_cv_split\fold_2\val\GON+\56_1.jpg,56_1.jpg,0,3.7712616176577285e-06,0
2,image_cv_split\fold_2\val\GON+\56_2.jpg,56_2.jpg,0,0.138816699385643,0
2,image_cv_split\fold_2\val\GON+\56_3.jpg,56_3.jpg,0,0.00271260691806674,0
2,image_cv_split\fold_2\val\GON+\57_0.jpg,57_0.jpg,0,0.00026596110546961427,0
2,image_cv_split\fold_2\val\GON+\57_1.jpg,57_1.jpg,0,9.941014286596328e-05,0
2,image_cv_split\fold_2\val\GON+\57_2.jpg,57_2.jpg,0,5.781654181191698e-05,0
2,image_cv_split\fold_2\val\GON+\58_0.jpg,58_0.jpg,0,2.736960414040368e-05,0
2,image_cv_split\fold_2\val\GON+\58_1.jpg,58_1.jpg,0,0.00011687085498124361,0
2,image_cv_split\fold_2\val\GON+\58_2.jpg,58_2.jpg,0,0.0061500417068600655,0
2,image_cv_split\fold_2\val\GON+\89_0.jpg,89_0.jpg,0,0.0028465522918850183,0
2,image_cv_split\fold_2\val\GON+\91_0.jpg,91_0.jpg,0,4.613016699295258e-06,0
2,image_cv_split\fold_2\val\GON+\91_1.jpg,91_1.jpg,0,3.838934571831487e-05,0
2,image_cv_split\fold_2\val\GON+\91_2.jpg,91_2.jpg,0,0.6294833421707153,1
2,image_cv_split\fold_2\val\GON+\91_3.jpg,91_3.jpg,0,0.48669394850730896,0
2,image_cv_split\fold_2\val\GON+\91_4.jpg,91_4.jpg,0,9.526182111585513e-05,0
2,image_cv_split\fold_2\val\GON+\91_5.jpg,91_5.jpg,0,7.827447552699596e-05,0
2,image_cv_split\fold_2\val\GON+\91_6.jpg,91_6.jpg,0,0.000468149984953925,0
2,image_cv_split\fold_2\val\GON+\91_7.jpg,91_7.jpg,0,0.00023049705487210304,0
2,image_cv_split\fold_2\val\GON+\92_0.jpg,92_0.jpg,0,0.0003613476292230189,0
2,image_cv_split\fold_2\val\GON+\92_1.jpg,92_1.jpg,0,1.7583851104063797e-06,0
2,image_cv_split\fold_2\val\GON+\95_0.jpg,95_0.jpg,0,0.017617367208003998,0
2,image_cv_split\fold_2\val\GON+\95_1.jpg,95_1.jpg,0,0.03842660039663315,0
2,image_cv_split\fold_2\val\GON-\192_0.jpg,192_0.jpg,1,0.9804180860519409,1
2,image_cv_split\fold_2\val\GON-\192_1.jpg,192_1.jpg,1,0.9985478520393372,1
2,image_cv_split\fold_2\val\GON-\196_0.jpg,196_0.jpg,1,0.9537531733512878,1
2,image_cv_split\fold_2\val\GON-\205_0.jpg,205_0.jpg,1,0.9636361598968506,1
2,image_cv_split\fold_2\val\GON-\205_1.jpg,205_1.jpg,1,0.967649519443512,1
2,image_cv_split\fold_2\val\GON-\206_0.jpg,206_0.jpg,1,0.5745722055435181,1
2,image_cv_split\fold_2\val\GON-\217_0.jpg,217_0.jpg,1,0.946170449256897,1
2,image_cv_split\fold_2\val\GON-\223_0.jpg,223_0.jpg,1,0.9449070692062378,1
2,image_cv_split\fold_2\val\GON-\223_1.jpg,223_1.jpg,1,0.9716179370880127,1
2,image_cv_split\fold_2\val\GON-\223_2.jpg,223_2.jpg,1,0.920784592628479,1
2,image_cv_split\fold_2\val\GON-\224_0.jpg,224_0.jpg,1,0.9261559844017029,1
2,image_cv_split\fold_2\val\GON-\224_1.jpg,224_1.jpg,1,0.9866718649864197,1
2,image_cv_split\fold_2\val\GON-\224_2.jpg,224_2.jpg,1,0.982331395149231,1
2,image_cv_split\fold_2\val\GON-\224_3.jpg,224_3.jpg,1,0.9792887568473816,1
2,image_cv_split\fold_2\val\GON-\225_0.jpg,225_0.jpg,1,0.9938161373138428,1
2,image_cv_split\fold_2\val\GON-\225_1.jpg,225_1.jpg,1,0.9902399778366089,1
2,image_cv_split\fold_2\val\GON-\226_0.jpg,226_0.jpg,1,0.9588784575462341,1
2,image_cv_split\fold_2\val\GON-\226_1.jpg,226_1.jpg,1,0.9410580992698669,1
2,image_cv_split\fold_2\val\GON-\227_0.jpg,227_0.jpg,1,0.987689733505249,1
2,image_cv_split\fold_2\val\GON-\227_1.jpg,227_1.jpg,1,0.44558197259902954,0
2,image_cv_split\fold_2\val\GON-\227_2.jpg,227_2.jpg,1,0.7290618419647217,1
2,image_cv_split\fold_2\val\GON-\227_3.jpg,227_3.jpg,1,0.7515367269515991,1
2,image_cv_split\fold_2\val\GON-\227_4.jpg,227_4.jpg,1,0.6916667819023132,1
2,image_cv_split\fold_2\val\GON-\228_0.jpg,228_0.jpg,1,0.9637998938560486,1
2,image_cv_split\fold_2\val\GON-\234_0.jpg,234_0.jpg,1,0.7902497053146362,1
2,image_cv_split\fold_2\val\GON-\234_1.jpg,234_1.jpg,1,0.6130428910255432,1
2,image_cv_split\fold_2\val\GON-\235_0.jpg,235_0.jpg,1,0.9153416156768799,1
2,image_cv_split\fold_2\val\GON-\236_0.jpg,236_0.jpg,1,0.9284036755561829,1
2,image_cv_split\fold_2\val\GON-\242_0.jpg,242_0.jpg,1,0.9722389578819275,1
2,image_cv_split\fold_2\val\GON-\244_0.jpg,244_0.jpg,1,0.9723177552223206,1
2,image_cv_split\fold_2\val\GON-\244_1.jpg,244_1.jpg,1,0.9274253845214844,1
2,image_cv_split\fold_2\val\GON-\248_0.jpg,248_0.jpg,1,0.9508734941482544,1
2,image_cv_split\fold_2\val\GON-\255_0.jpg,255_0.jpg,1,0.9801289439201355,1
2,image_cv_split\fold_2\val\GON-\255_1.jpg,255_1.jpg,1,0.9957886338233948,1
2,image_cv_split\fold_2\val\GON-\255_2.jpg,255_2.jpg,1,0.9631713628768921,1
2,image_cv_split\fold_2\val\GON-\276_0.jpg,276_0.jpg,1,0.9653986692428589,1
2,image_cv_split\fold_2\val\GON-\276_1.jpg,276_1.jpg,1,0.992984414100647,1
2,image_cv_split\fold_2\val\GON-\276_2.jpg,276_2.jpg,1,0.9935910701751709,1
2,image_cv_split\fold_2\val\GON-\284_0.jpg,284_0.jpg,1,0.991709291934967,1
2,image_cv_split\fold_2\val\GON-\284_1.jpg,284_1.jpg,1,0.9900609254837036,1
2,image_cv_split\fold_2\val\GON-\287_0.jpg,287_0.jpg,1,0.9634864330291748,1
2,image_cv_split\fold_2\val\GON-\287_1.jpg,287_1.jpg,1,0.9691136479377747,1
3,image_cv_split\fold_3\val\GON+\101_0.jpg,101_0.jpg,0,4.100732257938944e-05,0
3,image_cv_split\fold_3\val\GON+\102_0.jpg,102_0.jpg,0,0.12681016325950623,0
3,image_cv_split\fold_3\val\GON+\102_1.jpg,102_1.jpg,0,0.000861309701576829,0
3,image_cv_split\fold_3\val\GON+\103_0.jpg,103_0.jpg,0,0.0002632887626532465,0
3,image_cv_split\fold_3\val\GON+\103_1.jpg,103_1.jpg,0,9.560670150676742e-06,0
3,image_cv_split\fold_3\val\GON+\106_0.jpg,106_0.jpg,0,0.0008459943346679211,0
3,image_cv_split\fold_3\val\GON+\107_0.jpg,107_0.jpg,0,0.0009627558756619692,0
3,image_cv_split\fold_3\val\GON+\107_1.jpg,107_1.jpg,0,0.006299593020230532,0
3,image_cv_split\fold_3\val\GON+\107_2.jpg,107_2.jpg,0,0.008792301639914513,0
3,image_cv_split\fold_3\val\GON+\111_0.jpg,111_0.jpg,0,0.0009389897459186614,0
3,image_cv_split\fold_3\val\GON+\11_0.jpg,11_0.jpg,0,0.0010762382298707962,0
3,image_cv_split\fold_3\val\GON+\124_0.jpg,124_0.jpg,0,0.0068262782879173756,0
3,image_cv_split\fold_3\val\GON+\131_0.jpg,131_0.jpg,0,7.672579522477463e-05,0
3,image_cv_split\fold_3\val\GON+\134_0.jpg,134_0.jpg,0,0.0007525793625973165,0
3,image_cv_split\fold_3\val\GON+\134_1.jpg,134_1.jpg,0,9.981857147067785e-06,0
3,image_cv_split\fold_3\val\GON+\135_0.jpg,135_0.jpg,0,0.0003145327209495008,0
3,image_cv_split\fold_3\val\GON+\135_1.jpg,135_1.jpg,0,0.001901674666441977,0
3,image_cv_split\fold_3\val\GON+\135_2.jpg,135_2.jpg,0,0.16444548964500427,0
3,image_cv_split\fold_3\val\GON+\135_3.jpg,135_3.jpg,0,0.0007282397709786892,0
3,image_cv_split\fold_3\val\GON+\135_4.jpg,135_4.jpg,0,0.0017948270542547107,0
3,image_cv_split\fold_3\val\GON+\136_0.jpg,136_0.jpg,0,6.147073145257309e-05,0
3,image_cv_split\fold_3\val\GON+\136_1.jpg,136_1.jpg,0,0.0001103729591704905,0
3,image_cv_split\fold_3\val\GON+\139_0.jpg,139_0.jpg,0,3.155853119096719e-05,0
3,image_cv_split\fold_3\val\GON+\139_1.jpg,139_1.jpg,0,0.00123774993699044,0
3,image_cv_split\fold_3\val\GON+\139_2.jpg,139_2.jpg,0,0.000633560644928366,0
3,image_cv_split\fold_3\val\GON+\153_0.jpg,153_0.jpg,0,0.024676626548171043,0
3,image_cv_split\fold_3\val\GON+\153_1.jpg,153_1.jpg,0,0.006986360531300306,0
3,image_cv_split\fold_3\val\GON+\153_2.jpg,153_2.jpg,0,0.04172472283244133,0
3,image_cv_split\fold_3\val\GON+\153_3.jpg,153_3.jpg,0,0.020974118262529373,0
3,image_cv_split\fold_3\val\GON+\158_0.jpg,158_0.jpg,0,6.333480268949643e-05,0
3,image_cv_split\fold_3\val\GON+\158_1.jpg,158_1.jpg,0,2.000198719542823e-06,0
3,image_cv_split\fold_3\val\GON+\172_0.jpg,172_0.jpg,0,3.2585037388344062e-06,0
3,image_cv_split\fold_3\val\GON+\172_1.jpg,172_1.jpg,0,7.965004442667123e-06,0
3,image_cv_split\fold_3\val\GON+\172_2.jpg,172_2.jpg,0,3.083561750827357e-05,0
3,image_cv_split\fold_3\val\GON+\172_3.jpg,172_3.jpg,0,8.769504347583279e-05,0
3,image_cv_split\fold_3\val\GON+\173_0.jpg,173_0.jpg,0,7.002478378126398e-05,0
3,image_cv_split\fold_3\val\GON+\175_0.jpg,175_0.jpg,0,0.001196668017655611,0
3,image_cv_split\fold_3\val\GON+\175_1.jpg,175_1.jpg,0,0.0077107371762394905,0
3,image_cv_split\fold_3\val\GON+\181_0.jpg,181_0.jpg,0,0.008260867558419704,0
3,image_cv_split\fold_3\val\GON+\181_1.jpg,181_1.jpg,0,4.3110139813506976e-05,0
3,image_cv_split\fold_3\val\GON+\184_0.jpg,184_0.jpg,0,3.873292007483542e-05,0
3,image_cv_split\fold_3\val\GON+\184_1.jpg,184_1.jpg,0,0.00012127492664149031,0
3,image_cv_split\fold_3\val\GON+\186_0.jpg,186_0.jpg,0,0.0004734924586955458,0
3,image_cv_split\fold_3\val\GON+\186_1.jpg,186_1.jpg,0,0.007048557512462139,0
3,image_cv_split\fold_3\val\GON+\186_2.jpg,186_2.jpg,0,0.00013478452456183732,0
3,image_cv_split\fold_3\val\GON+\20_0.jpg,20_0.jpg,0,0.00020917985239066184,0
3,image_cv_split\fold_3\val\GON+\20_1.jpg,20_1.jpg,0,9.486124326940626e-05,0
3,image_cv_split\fold_3\val\GON+\33_0.jpg,33_0.jpg,0,0.00012349839380476624,0
3,image_cv_split\fold_3\val\GON+\33_1.jpg,33_1.jpg,0,1.8183513020630926e-05,0
3,image_cv_split\fold_3\val\GON+\3_0.jpg,3_0.jpg,0,8.801498916000128e-05,0
3,image_cv_split\fold_3\val\GON+\3_1.jpg,3_1.jpg,0,0.00031618057982996106,0
3,image_cv_split\fold_3\val\GON+\46_0.jpg,46_0.jpg,0,0.002310384064912796,0
3,image_cv_split\fold_3\val\GON+\46_1.jpg,46_1.jpg,0,0.0001907957048388198,0
3,image_cv_split\fold_3\val\GON+\47_0.jpg,47_0.jpg,0,0.00015205927775241435,0
3,image_cv_split\fold_3\val\GON+\47_1.jpg,47_1.jpg,0,4.028317562188022e-05,0
3,image_cv_split\fold_3\val\GON+\47_2.jpg,47_2.jpg,0,8.438195800408721e-05,0
3,image_cv_split\fold_3\val\GON+\47_3.jpg,47_3.jpg,0,1.920189788506832e-05,0
3,image_cv_split\fold_3\val\GON+\47_4.jpg,47_4.jpg,0,1.76797948370222e-05,0
3,image_cv_split\fold_3\val\GON+\47_5.jpg,47_5.jpg,0,3.1318562832893804e-05,0
3,image_cv_split\fold_3\val\GON+\47_6.jpg,47_6.jpg,0,0.0011288077803328633,0
3,image_cv_split\fold_3\val\GON+\47_7.jpg,47_7.jpg,0,0.0013140166411176324,0
3,image_cv_split\fold_3\val\GON+\4_0.jpg,4_0.jpg,0,4.000390617875382e-05,0
3,image_cv_split\fold_3\val\GON+\51_0.jpg,51_0.jpg,0,0.00725016463547945,0
3,image_cv_split\fold_3\val\GON+\53_0.jpg,53_0.jpg,0,0.00020244171901140362,0
3,image_cv_split\fold_3\val\GON+\53_1.jpg,53_1.jpg,0,0.19830265641212463,0
3,image_cv_split\fold_3\val\GON+\53_2.jpg,53_2.jpg,0,3.162752545904368e-05,0
3,image_cv_split\fold_3\val\GON+\53_3.jpg,53_3.jpg,0,0.0009839844424277544,0
3,image_cv_split\fold_3\val\GON+\53_4.jpg,53_4.jpg,0,0.00024552555987611413,0
3,image_cv_split\fold_3\val\GON+\63_0.jpg,63_0.jpg,0,8.94924141903175e-06,0
3,image_cv_split\fold_3\val\GON+\63_1.jpg,63_1.jpg,0,0.0035929863806813955,0
3,image_cv_split\fold_3\val\GON+\63_2.jpg,63_2.jpg,0,0.00010194742208113894,0
3,image_cv_split\fold_3\val\GON+\63_3.jpg,63_3.jpg,0,0.002188957529142499,0
3,image_cv_split\fold_3\val\GON+\63_4.jpg,63_4.jpg,0,2.3713942027825397e-06,0
3,image_cv_split\fold_3\val\GON+\63_5.jpg,63_5.jpg,0,0.0011117936810478568,0
3,image_cv_split\fold_3\val\GON+\63_6.jpg,63_6.jpg,0,0.0003399840497877449,0
3,image_cv_split\fold_3\val\GON+\69_0.jpg,69_0.jpg,0,0.00017783566727302969,0
3,image_cv_split\fold_3\val\GON+\69_1.jpg,69_1.jpg,0,2.1528920115088113e-05,0
3,image_cv_split\fold_3\val\GON+\72_0.jpg,72_0.jpg,0,5.7814118918031454e-05,0
3,image_cv_split\fold_3\val\GON+\72_1.jpg,72_1.jpg,0,1.8545149941928685e-05,0
3,image_cv_split\fold_3\val\GON+\72_2.jpg,72_2.jpg,0,2.2421920220949687e-05,0
3,image_cv_split\fold_3\val\GON+\72_3.jpg,72_3.jpg,0,3.349691542098299e-05,0
3,image_cv_split\fold_3\val\GON+\76_0.jpg,76_0.jpg,0,0.004692199639976025,0
3,image_cv_split\fold_3\val\GON+\76_1.jpg,76_1.jpg,0,0.00019728695042431355,0
3,image_cv_split\fold_3\val\GON+\79_0.jpg,79_0.jpg,0,0.0005068735918030143,0
3,image_cv_split\fold_3\val\GON+\79_1.jpg,79_1.jpg,0,0.0011118159163743258,0
3,image_cv_split\fold_3\val\GON+\81_0.jpg,81_0.jpg,0,0.07444608211517334,0
3,image_cv_split\fold_3\val\GON+\81_1.jpg,81_1.jpg,0,0.09232670813798904,0
3,image_cv_split\fold_3\val\GON+\81_2.jpg,81_2.jpg,0,0.00028109157574363053,0
3,image_cv_split\fold_3\val\GON+\90_0.jpg,90_0.jpg,0,0.012980872765183449,0
3,image_cv_split\fold_3\val\GON+\93_0.jpg,93_0.jpg,0,0.006849257275462151,0
3,image_cv_split\fold_3\val\GON+\93_1.jpg,93_1.jpg,0,3.063344820475322e-06,0
3,image_cv_split\fold_3\val\GON-\191_0.jpg,191_0.jpg,1,0.9942044615745544,1
3,image_cv_split\fold_3\val\GON-\191_1.jpg,191_1.jpg,1,0.9033863544464111,1
3,image_cv_split\fold_3\val\GON-\202_0.jpg,202_0.jpg,1,0.8507510423660278,1
3,image_cv_split\fold_3\val\GON-\202_1.jpg,202_1.jpg,1,0.9048612117767334,1
3,image_cv_split\fold_3\val\GON-\203_0.jpg,203_0.jpg,1,0.9971591234207153,1
3,image_cv_split\fold_3\val\GON-\203_1.jpg,203_1.jpg,1,0.9957873225212097,1
3,image_cv_split\fold_3\val\GON-\207_0.jpg,207_0.jpg,1,0.9671308994293213,1
3,image_cv_split\fold_3\val\GON-\207_1.jpg,207_1.jpg,1,0.9974110722541809,1
3,image_cv_split\fold_3\val\GON-\207_2.jpg,207_2.jpg,1,0.9082491993904114,1
3,image_cv_split\fold_3\val\GON-\210_0.jpg,210_0.jpg,1,0.9958646297454834,1
3,image_cv_split\fold_3\val\GON-\212_0.jpg,212_0.jpg,1,0.9972628355026245,1
3,image_cv_split\fold_3\val\GON-\213_0.jpg,213_0.jpg,1,0.9995043277740479,1
3,image_cv_split\fold_3\val\GON-\222_0.jpg,222_0.jpg,1,0.5372216701507568,1
3,image_cv_split\fold_3\val\GON-\222_1.jpg,222_1.jpg,1,0.9386880397796631,1
3,image_cv_split\fold_3\val\GON-\231_0.jpg,231_0.jpg,1,0.9864099621772766,1
3,image_cv_split\fold_3\val\GON-\231_1.jpg,231_1.jpg,1,0.9973128437995911,1
3,image_cv_split\fold_3\val\GON-\239_0.jpg,239_0.jpg,1,0.9975740313529968,1
3,image_cv_split\fold_3\val\GON-\239_1.jpg,239_1.jpg,1,0.9916555881500244,1
3,image_cv_split\fold_3\val\GON-\240_0.jpg,240_0.jpg,1,0.9616727828979492,1
3,image_cv_split\fold_3\val\GON-\240_1.jpg,240_1.jpg,1,0.9969053864479065,1
3,image_cv_split\fold_3\val\GON-\240_2.jpg,240_2.jpg,1,0.9467387199401855,1
3,image_cv_split\fold_3\val\GON-\241_0.jpg,241_0.jpg,1,0.9896265268325806,1
3,image_cv_split\fold_3\val\GON-\241_1.jpg,241_1.jpg,1,0.9906817674636841,1
3,image_cv_split\fold_3\val\GON-\241_2.jpg,241_2.jpg,1,0.8615388870239258,1
3,image_cv_split\fold_3\val\GON-\258_0.jpg,258_0.jpg,1,0.9764125347137451,1
3,image_cv_split\fold_3\val\GON-\258_1.jpg,258_1.jpg,1,0.9497984051704407,1
3,image_cv_split\fold_3\val\GON-\264_0.jpg,264_0.jpg,1,0.9934145212173462,1
3,image_cv_split\fold_3\val\GON-\268_0.jpg,268_0.jpg,1,0.9970953464508057,1
3,image_cv_split\fold_3\val\GON-\273_0.jpg,273_0.jpg,1,0.9984636306762695,1
3,image_cv_split\fold_3\val\GON-\279_0.jpg,279_0.jpg,1,0.9982995390892029,1
3,image_cv_split\fold_3\val\GON-\279_1.jpg,279_1.jpg,1,0.9971477389335632,1
3,image_cv_split\fold_3\val\GON-\280_0.jpg,280_0.jpg,1,0.9964433312416077,1
3,image_cv_split\fold_3\val\GON-\280_1.jpg,280_1.jpg,1,0.9412264227867126,1
3,image_cv_split\fold_3\val\GON-\281_0.jpg,281_0.jpg,1,0.9725849032402039,1
3,image_cv_split\fold_3\val\GON-\281_1.jpg,281_1.jpg,1,0.9617939591407776,1
3,image_cv_split\fold_3\val\GON-\285_0.jpg,285_0.jpg,1,0.99739009141922,1
3,image_cv_split\fold_3\val\GON-\288_0.jpg,288_0.jpg,1,0.9449805021286011,1
4,image_cv_split\fold_4\val\GON+\0_0.jpg,0_0.jpg,0,0.018147528171539307,0
4,image_cv_split\fold_4\val\GON+\100_0.jpg,100_0.jpg,0,0.02998676896095276,0
4,image_cv_split\fold_4\val\GON+\100_1.jpg,100_1.jpg,0,0.001179531216621399,0
4,image_cv_split\fold_4\val\GON+\100_2.jpg,100_2.jpg,0,0.02465769834816456,0
4,image_cv_split\fold_4\val\GON+\100_3.jpg,100_3.jpg,0,0.011195310391485691,0
4,image_cv_split\fold_4\val\GON+\100_4.jpg,100_4.jpg,0,0.029776807874441147,0
4,image_cv_split\fold_4\val\GON+\100_5.jpg,100_5.jpg,0,0.42167866230010986,0
4,image_cv_split\fold_4\val\GON+\100_6.jpg,100_6.jpg,0,0.0014436246128752828,0
4,image_cv_split\fold_4\val\GON+\100_7.jpg,100_7.jpg,0,0.028361158445477486,0
4,image_cv_split\fold_4\val\GON+\100_8.jpg,100_8.jpg,0,0.0016903807409107685,0
4,image_cv_split\fold_4\val\GON+\100_9.jpg,100_9.jpg,0,0.006966806948184967,0
4,image_cv_split\fold_4\val\GON+\105_0.jpg,105_0.jpg,0,0.0007788007496856153,0
4,image_cv_split\fold_4\val\GON+\105_1.jpg,105_1.jpg,0,0.015919720754027367,0
4,image_cv_split\fold_4\val\GON+\112_0.jpg,112_0.jpg,0,0.07751390337944031,0
4,image_cv_split\fold_4\val\GON+\112_1.jpg,112_1.jpg,0,0.12792298197746277,0
4,image_cv_split\fold_4\val\GON+\112_2.jpg,112_2.jpg,0,0.026690831407904625,0
4,image_cv_split\fold_4\val\GON+\118_0.jpg,118_0.jpg,0,0.01613106206059456,0
4,image_cv_split\fold_4\val\GON+\118_1.jpg,118_1.jpg,0,0.0011776188621297479,0
4,image_cv_split\fold_4\val\GON+\119_0.jpg,119_0.jpg,0,0.008817587047815323,0
4,image_cv_split\fold_4\val\GON+\119_1.jpg,119_1.jpg,0,0.008580328896641731,0
4,image_cv_split\fold_4\val\GON+\122_0.jpg,122_0.jpg,0,0.009442629292607307,0
4,image_cv_split\fold_4\val\GON+\122_1.jpg,122_1.jpg,0,0.001153322751633823,0
4,image_cv_split\fold_4\val\GON+\127_0.jpg,127_0.jpg,0,0.03058638796210289,0
4,image_cv_split\fold_4\val\GON+\13_0.jpg,13_0.jpg,0,0.0037655727937817574,0
4,image_cv_split\fold_4\val\GON+\13_1.jpg,13_1.jpg,0,0.03617064282298088,0
4,image_cv_split\fold_4\val\GON+\144_0.jpg,144_0.jpg,0,0.5166454315185547,1
4,image_cv_split\fold_4\val\GON+\144_1.jpg,144_1.jpg,0,0.9229644536972046,1
4,image_cv_split\fold_4\val\GON+\144_2.jpg,144_2.jpg,0,0.007457473315298557,0
4,image_cv_split\fold_4\val\GON+\144_3.jpg,144_3.jpg,0,0.10276438295841217,0
4,image_cv_split\fold_4\val\GON+\148_0.jpg,148_0.jpg,0,0.11686714738607407,0
4,image_cv_split\fold_4\val\GON+\148_1.jpg,148_1.jpg,0,0.11686714738607407,0
4,image_cv_split\fold_4\val\GON+\148_2.jpg,148_2.jpg,0,0.017263703048229218,0
4,image_cv_split\fold_4\val\GON+\148_3.jpg,148_3.jpg,0,0.00815117359161377,0
4,image_cv_split\fold_4\val\GON+\163_0.jpg,163_0.jpg,0,0.009174177423119545,0
4,image_cv_split\fold_4\val\GON+\163_1.jpg,163_1.jpg,0,0.018630143254995346,0
4,image_cv_split\fold_4\val\GON+\163_2.jpg,163_2.jpg,0,0.0010772213572636247,0
4,image_cv_split\fold_4\val\GON+\163_3.jpg,163_3.jpg,0,0.0004517513734754175,0
4,image_cv_split\fold_4\val\GON+\163_4.jpg,163_4.jpg,0,0.0008943037246353924,0
4,image_cv_split\fold_4\val\GON+\16_0.jpg,16_0.jpg,0,0.014878319576382637,0
4,image_cv_split\fold_4\val\GON+\16_1.jpg,16_1.jpg,0,0.0037732745986431837,0
4,image_cv_split\fold_4\val\GON+\16_2.jpg,16_2.jpg,0,0.00021590803225990385,0
4,image_cv_split\fold_4\val\GON+\16_3.jpg,16_3.jpg,0,0.0016022499185055494,0
4,image_cv_split\fold_4\val\GON+\16_4.jpg,16_4.jpg,0,0.0004648143658414483,0
4,image_cv_split\fold_4\val\GON+\170_0.jpg,170_0.jpg,0,0.06540751457214355,0
4,image_cv_split\fold_4\val\GON+\170_1.jpg,170_1.jpg,0,0.17999552190303802,0
4,image_cv_split\fold_4\val\GON+\170_2.jpg,170_2.jpg,0,0.03466283902525902,0
4,image_cv_split\fold_4\val\GON+\170_3.jpg,170_3.jpg,0,0.2683244049549103,0
4,image_cv_split\fold_4\val\GON+\170_4.jpg,170_4.jpg,0,0.6476693153381348,1
4,image_cv_split\fold_4\val\GON+\170_5.jpg,170_5.jpg,0,0.3493663966655731,0
4,image_cv_split\fold_4\val\GON+\174_0.jpg,174_0.jpg,0,0.0008915084763430059,0
4,image_cv_split\fold_4\val\GON+\177_0.jpg,177_0.jpg,0,0.013893981464207172,0
4,image_cv_split\fold_4\val\GON+\177_1.jpg,177_1.jpg,0,0.005027109291404486,0
4,image_cv_split\fold_4\val\GON+\177_2.jpg,177_2.jpg,0,0.11832287162542343,0
4,image_cv_split\fold_4\val\GON+\18_0.jpg,18_0.jpg,0,0.07871400564908981,0
4,image_cv_split\fold_4\val\GON+\18_1.jpg,18_1.jpg,0,0.02516316808760166,0
4,image_cv_split\fold_4\val\GON+\18_2.jpg,18_2.jpg,0,0.008527373895049095,0
4,image_cv_split\fold_4\val\GON+\18_3.jpg,18_3.jpg,0,0.0006615747697651386,0
4,image_cv_split\fold_4\val\GON+\18_4.jpg,18_4.jpg,0,0.02715824358165264,0
4,image_cv_split\fold_4\val\GON+\21_0.jpg,21_0.jpg,0,0.0030940778087824583,0
4,image_cv_split\fold_4\val\GON+\21_1.jpg,21_1.jpg,0,0.09934424608945847,0
4,image_cv_split\fold_4\val\GON+\22_0.jpg,22_0.jpg,0,0.5427107810974121,1
4,image_cv_split\fold_4\val\GON+\22_1.jpg,22_1.jpg,0,0.3423326313495636,0
4,image_cv_split\fold_4\val\GON+\23_0.jpg,23_0.jpg,0,0.15077972412109375,0
4,image_cv_split\fold_4\val\GON+\23_1.jpg,23_1.jpg,0,0.005203285254538059,0
4,image_cv_split\fold_4\val\GON+\26_0.jpg,26_0.jpg,0,0.0007409355021081865,0
4,image_cv_split\fold_4\val\GON+\26_1.jpg,26_1.jpg,0,8.408811845583841e-05,0
4,image_cv_split\fold_4\val\GON+\27_0.jpg,27_0.jpg,0,0.043308962136507034,0
4,image_cv_split\fold_4\val\GON+\27_1.jpg,27_1.jpg,0,0.0003939361486118287,0
4,image_cv_split\fold_4\val\GON+\38_0.jpg,38_0.jpg,0,0.01049160584807396,0
4,image_cv_split\fold_4\val\GON+\39_0.jpg,39_0.jpg,0,0.022821256890892982,0
4,image_cv_split\fold_4\val\GON+\39_1.jpg,39_1.jpg,0,0.0090589364990592,0
4,image_cv_split\fold_4\val\GON+\39_2.jpg,39_2.jpg,0,0.12139379233121872,0
4,image_cv_split\fold_4\val\GON+\39_3.jpg,39_3.jpg,0,0.3307422995567322,0
4,image_cv_split\fold_4\val\GON+\55_0.jpg,55_0.jpg,0,0.4144371747970581,0
4,image_cv_split\fold_4\val\GON+\55_1.jpg,55_1.jpg,0,0.015520185232162476,0
4,image_cv_split\fold_4\val\GON+\55_2.jpg,55_2.jpg,0,0.0056822579354047775,0
4,image_cv_split\fold_4\val\GON+\55_3.jpg,55_3.jpg,0,0.006664494518190622,0
4,image_cv_split\fold_4\val\GON+\55_4.jpg,55_4.jpg,0,0.4671100080013275,0
4,image_cv_split\fold_4\val\GON+\64_0.jpg,64_0.jpg,0,0.0004128966829739511,0
4,image_cv_split\fold_4\val\GON+\64_1.jpg,64_1.jpg,0,0.00041904987301677465,0
4,image_cv_split\fold_4\val\GON+\64_2.jpg,64_2.jpg,0,0.2732841670513153,0
4,image_cv_split\fold_4\val\GON+\64_3.jpg,64_3.jpg,0,0.06998264044523239,0
4,image_cv_split\fold_4\val\GON+\64_4.jpg,64_4.jpg,0,0.004411972593516111,0
4,image_cv_split\fold_4\val\GON+\66_0.jpg,66_0.jpg,0,0.2665126621723175,0
4,image_cv_split\fold_4\val\GON+\66_1.jpg,66_1.jpg,0,0.0897129699587822,0
4,image_cv_split\fold_4\val\GON+\66_2.jpg,66_2.jpg,0,0.004411740694195032,0
4,image_cv_split\fold_4\val\GON+\66_3.jpg,66_3.jpg,0,0.04195917397737503,0
4,image_cv_split\fold_4\val\GON+\66_4.jpg,66_4.jpg,0,0.012976407073438168,0
4,image_cv_split\fold_4\val\GON+\66_5.jpg,66_5.jpg,0,0.006180137395858765,0
4,image_cv_split\fold_4\val\GON+\68_0.jpg,68_0.jpg,0,0.009419661946594715,0
4,image_cv_split\fold_4\val\GON+\68_1.jpg,68_1.jpg,0,0.00676120538264513,0
4,image_cv_split\fold_4\val\GON+\73_0.jpg,73_0.jpg,0,0.0051060328260064125,0
4,image_cv_split\fold_4\val\GON+\73_1.jpg,73_1.jpg,0,0.0007979186484590173,0
4,image_cv_split\fold_4\val\GON+\73_2.jpg,73_2.jpg,0,0.31969764828681946,0
4,image_cv_split\fold_4\val\GON+\73_3.jpg,73_3.jpg,0,0.02032488025724888,0
4,image_cv_split\fold_4\val\GON+\80_0.jpg,80_0.jpg,0,0.001636250177398324,0
4,image_cv_split\fold_4\val\GON+\80_1.jpg,80_1.jpg,0,0.00033510694629512727,0
4,image_cv_split\fold_4\val\GON+\80_2.jpg,80_2.jpg,0,0.002279898850247264,0
4,image_cv_split\fold_4\val\GON+\82_0.jpg,82_0.jpg,0,0.0023775072768330574,0
4,image_cv_split\fold_4\val\GON+\82_1.jpg,82_1.jpg,0,0.16703931987285614,0
4,image_cv_split\fold_4\val\GON+\84_0.jpg,84_0.jpg,0,0.0049924165941774845,0
4,image_cv_split\fold_4\val\GON+\84_1.jpg,84_1.jpg,0,0.31243613362312317,0
4,image_cv_split\fold_4\val\GON+\85_0.jpg,85_0.jpg,0,0.011411108076572418,0
4,image_cv_split\fold_4\val\GON+\88_0.jpg,88_0.jpg,0,0.04119867458939552,0
4,image_cv_split\fold_4\val\GON+\8_0.jpg,8_0.jpg,0,0.018604416400194168,0
4,image_cv_split\fold_4\val\GON+\8_1.jpg,8_1.jpg,0,0.0018213426228612661,0
4,image_cv_split\fold_4\val\GON+\8_2.jpg,8_2.jpg,0,0.03386947512626648,0
4,image_cv_split\fold_4\val\GON+\8_3.jpg,8_3.jpg,0,0.010463214479386806,0
4,image_cv_split\fold_4\val\GON+\96_0.jpg,96_0.jpg,0,0.0016447751550003886,0
4,image_cv_split\fold_4\val\GON+\96_1.jpg,96_1.jpg,0,0.05733150988817215,0
4,image_cv_split\fold_4\val\GON+\96_2.jpg,96_2.jpg,0,0.42825162410736084,0
4,image_cv_split\fold_4\val\GON+\97_0.jpg,97_0.jpg,0,0.001979653723537922,0
4,image_cv_split\fold_4\val\GON-\190_0.jpg,190_0.jpg,1,0.9987683892250061,1
4,image_cv_split\fold_4\val\GON-\193_0.jpg,193_0.jpg,1,0.9985132813453674,1
4,image_cv_split\fold_4\val\GON-\193_1.jpg,193_1.jpg,1,0.999678373336792,1
4,image_cv_split\fold_4\val\GON-\195_0.jpg,195_0.jpg,1,0.05484045669436455,0
4,image_cv_split\fold_4\val\GON-\195_1.jpg,195_1.jpg,1,0.25234144926071167,0
4,image_cv_split\fold_4\val\GON-\195_2.jpg,195_2.jpg,1,0.6987646222114563,1
4,image_cv_split\fold_4\val\GON-\199_0.jpg,199_0.jpg,1,0.9673960208892822,1
4,image_cv_split\fold_4\val\GON-\199_1.jpg,199_1.jpg,1,0.9988864064216614,1
4,image_cv_split\fold_4\val\GON-\208_0.jpg,208_0.jpg,1,0.9072054624557495,1
4,image_cv_split\fold_4\val\GON-\208_1.jpg,208_1.jpg,1,0.7105419635772705,1
4,image_cv_split\fold_4\val\GON-\209_0.jpg,209_0.jpg,1,0.9968079924583435,1
4,image_cv_split\fold_4\val\GON-\216_0.jpg,216_0.jpg,1,0.8730227947235107,1
4,image_cv_split\fold_4\val\GON-\218_0.jpg,218_0.jpg,1,0.5612871646881104,1
4,image_cv_split\fold_4\val\GON-\220_0.jpg,220_0.jpg,1,0.7374417185783386,1
4,image_cv_split\fold_4\val\GON-\220_1.jpg,220_1.jpg,1,0.7652403712272644,1
4,image_cv_split\fold_4\val\GON-\221_0.jpg,221_0.jpg,1,0.9935044050216675,1
4,image_cv_split\fold_4\val\GON-\229_0.jpg,229_0.jpg,1,0.99600750207901,1
4,image_cv_split\fold_4\val\GON-\229_1.jpg,229_1.jpg,1,0.9712751507759094,1
4,image_cv_split\fold_4\val\GON-\238_0.jpg,238_0.jpg,1,0.8118273019790649,1
4,image_cv_split\fold_4\val\GON-\238_1.jpg,238_1.jpg,1,0.829393744468689,1
4,image_cv_split\fold_4\val\GON-\243_0.jpg,243_0.jpg,1,0.9933714866638184,1
4,image_cv_split\fold_4\val\GON-\243_1.jpg,243_1.jpg,1,0.98982834815979,1
4,image_cv_split\fold_4\val\GON-\245_0.jpg,245_0.jpg,1,0.9957582354545593,1
4,image_cv_split\fold_4\val\GON-\245_1.jpg,245_1.jpg,1,0.8941161036491394,1
4,image_cv_split\fold_4\val\GON-\245_2.jpg,245_2.jpg,1,0.9943304061889648,1
4,image_cv_split\fold_4\val\GON-\249_0.jpg,249_0.jpg,1,0.8938558101654053,1
4,image_cv_split\fold_4\val\GON-\249_1.jpg,249_1.jpg,1,0.9979689717292786,1
4,image_cv_split\fold_4\val\GON-\249_2.jpg,249_2.jpg,1,0.9459902048110962,1
4,image_cv_split\fold_4\val\GON-\249_3.jpg,249_3.jpg,1,0.44109421968460083,0
4,image_cv_split\fold_4\val\GON-\259_0.jpg,259_0.jpg,1,0.9963904023170471,1
4,image_cv_split\fold_4\val\GON-\259_1.jpg,259_1.jpg,1,0.9297681450843811,1
4,image_cv_split\fold_4\val\GON-\259_2.jpg,259_2.jpg,1,0.978725254535675,1
4,image_cv_split\fold_4\val\GON-\259_3.jpg,259_3.jpg,1,0.8971336483955383,1
4,image_cv_split\fold_4\val\GON-\259_4.jpg,259_4.jpg,1,0.9091257452964783,1
4,image_cv_split\fold_4\val\GON-\259_5.jpg,259_5.jpg,1,0.7875946760177612,1
4,image_cv_split\fold_4\val\GON-\260_0.jpg,260_0.jpg,1,0.8176811933517456,1
4,image_cv_split\fold_4\val\GON-\261_0.jpg,261_0.jpg,1,0.9551301002502441,1
4,image_cv_split\fold_4\val\GON-\261_1.jpg,261_1.jpg,1,0.7047287225723267,1
4,image_cv_split\fold_4\val\GON-\272_0.jpg,272_0.jpg,1,0.7016544938087463,1
4,image_cv_split\fold_4\val\GON-\272_1.jpg,272_1.jpg,1,0.9983554482460022,1
4,image_cv_split\fold_4\val\GON-\286_0.jpg,286_0.jpg,1,0.9912160634994507,1
4,image_cv_split\fold_4\val\GON-\286_1.jpg,286_1.jpg,1,0.9602945446968079,1
5,image_cv_split\fold_5\val\GON+\108_0.jpg,108_0.jpg,0,0.00018923991592600942,0
5,image_cv_split\fold_5\val\GON+\108_1.jpg,108_1.jpg,0,0.30673080682754517,0
5,image_cv_split\fold_5\val\GON+\108_2.jpg,108_2.jpg,0,0.059702370315790176,0
5,image_cv_split\fold_5\val\GON+\108_3.jpg,108_3.jpg,0,0.0002024996210820973,0
5,image_cv_split\fold_5\val\GON+\108_4.jpg,108_4.jpg,0,0.6274943947792053,1
5,image_cv_split\fold_5\val\GON+\109_0.jpg,109_0.jpg,0,0.000805891992058605,0
5,image_cv_split\fold_5\val\GON+\109_1.jpg,109_1.jpg,0,0.003614300861954689,0
5,image_cv_split\fold_5\val\GON+\109_2.jpg,109_2.jpg,0,0.0007840986363589764,0
5,image_cv_split\fold_5\val\GON+\109_3.jpg,109_3.jpg,0,0.08239462226629257,0
5,image_cv_split\fold_5\val\GON+\109_4.jpg,109_4.jpg,0,0.8067770600318909,1
5,image_cv_split\fold_5\val\GON+\113_0.jpg,113_0.jpg,0,0.0002889114839490503,0
5,image_cv_split\fold_5\val\GON+\121_0.jpg,121_0.jpg,0,0.00010091799777001143,0
5,image_cv_split\fold_5\val\GON+\121_1.jpg,121_1.jpg,0,0.00010112801101058722,0
5,image_cv_split\fold_5\val\GON+\121_2.jpg,121_2.jpg,0,5.633475666400045e-05,0
5,image_cv_split\fold_5\val\GON+\128_0.jpg,128_0.jpg,0,0.9436441659927368,1
5,image_cv_split\fold_5\val\GON+\129_0.jpg,129_0.jpg,0,0.00011580664431676269,0
5,image_cv_split\fold_5\val\GON+\129_1.jpg,129_1.jpg,0,7.099055801518261e-05,0
5,image_cv_split\fold_5\val\GON+\129_2.jpg,129_2.jpg,0,0.00012267411511857063,0
5,image_cv_split\fold_5\val\GON+\12_0.jpg,12_0.jpg,0,7.073054803186096e-06,0
5,image_cv_split\fold_5\val\GON+\12_1.jpg,12_1.jpg,0,0.00012339481327217072,0
5,image_cv_split\fold_5\val\GON+\12_2.jpg,12_2.jpg,0,5.759224222856574e-06,0
5,image_cv_split\fold_5\val\GON+\12_3.jpg,12_3.jpg,0,9.081115877052071e-07,0
5,image_cv_split\fold_5\val\GON+\12_4.jpg,12_4.jpg,0,1.7633843526709825e-05,0
5,image_cv_split\fold_5\val\GON+\137_0.jpg,137_0.jpg,0,0.001648881589062512,0
5,image_cv_split\fold_5\val\GON+\138_0.jpg,138_0.jpg,0,4.589129821397364e-05,0
5,image_cv_split\fold_5\val\GON+\138_1.jpg,138_1.jpg,0,6.049691364751197e-06,0
5,image_cv_split\fold_5\val\GON+\138_2.jpg,138_2.jpg,0,2.863547888409812e-05,0
5,image_cv_split\fold_5\val\GON+\143_0.jpg,143_0.jpg,0,1.0825454410223756e-05,0
5,image_cv_split\fold_5\val\GON+\143_1.jpg,143_1.jpg,0,1.8665252355276607e-05,0
5,image_cv_split\fold_5\val\GON+\143_2.jpg,143_2.jpg,0,0.013870435766875744,0
5,image_cv_split\fold_5\val\GON+\143_3.jpg,143_3.jpg,0,0.13516871631145477,0
5,image_cv_split\fold_5\val\GON+\143_4.jpg,143_4.jpg,0,0.0010535301407799125,0
5,image_cv_split\fold_5\val\GON+\147_0.jpg,147_0.jpg,0,8.174078539013863e-05,0
5,image_cv_split\fold_5\val\GON+\147_1.jpg,147_1.jpg,0,4.1359016904607415e-05,0
5,image_cv_split\fold_5\val\GON+\149_0.jpg,149_0.jpg,0,0.000154611436300911,0
5,image_cv_split\fold_5\val\GON+\150_0.jpg,150_0.jpg,0,0.000308988121105358,0
5,image_cv_split\fold_5\val\GON+\150_1.jpg,150_1.jpg,0,3.923453186871484e-05,0
5,image_cv_split\fold_5\val\GON+\150_10.jpg,150_10.jpg,0,0.001399732194840908,0
5,image_cv_split\fold_5\val\GON+\150_11.jpg,150_11.jpg,0,9.017830961965956e-06,0
5,image_cv_split\fold_5\val\GON+\150_12.jpg,150_12.jpg,0,1.326146684732521e-05,0
5,image_cv_split\fold_5\val\GON+\150_13.jpg,150_13.jpg,0,0.00039609704981558025,0
5,image_cv_split\fold_5\val\GON+\150_2.jpg,150_2.jpg,0,7.004682993283495e-05,0
5,image_cv_split\fold_5\val\GON+\150_3.jpg,150_3.jpg,0,0.0026253436226397753,0
5,image_cv_split\fold_5\val\GON+\150_4.jpg,150_4.jpg,0,1.1956068135532405e-07,0
5,image_cv_split\fold_5\val\GON+\150_5.jpg,150_5.jpg,0,5.108595814817818e-06,0
5,image_cv_split\fold_5\val\GON+\150_6.jpg,150_6.jpg,0,7.222017302410677e-05,0
5,image_cv_split\fold_5\val\GON+\150_7.jpg,150_7.jpg,0,0.006253097206354141,0
5,image_cv_split\fold_5\val\GON+\150_8.jpg,150_8.jpg,0,7.448599717463367e-06,0
5,image_cv_split\fold_5\val\GON+\150_9.jpg,150_9.jpg,0,6.888205098221079e-05,0
5,image_cv_split\fold_5\val\GON+\155_0.jpg,155_0.jpg,0,0.003504266031086445,0
5,image_cv_split\fold_5\val\GON+\155_1.jpg,155_1.jpg,0,9.780963409866672e-06,0
5,image_cv_split\fold_5\val\GON+\155_2.jpg,155_2.jpg,0,0.0003427991468925029,0
5,image_cv_split\fold_5\val\GON+\155_3.jpg,155_3.jpg,0,1.8075887055601925e-05,0
5,image_cv_split\fold_5\val\GON+\161_0.jpg,161_0.jpg,0,0.0008592852973379195,0
5,image_cv_split\fold_5\val\GON+\162_0.jpg,162_0.jpg,0,0.00683251116424799,0
5,image_cv_split\fold_5\val\GON+\162_1.jpg,162_1.jpg,0,0.0008271990227513015,0
5,image_cv_split\fold_5\val\GON+\165_0.jpg,165_0.jpg,0,8.484307181788608e-05,0
5,image_cv_split\fold_5\val\GON+\165_1.jpg,165_1.jpg,0,8.989449997898191e-05,0
5,image_cv_split\fold_5\val\GON+\165_2.jpg,165_2.jpg,0,0.00046390757779590786,0
5,image_cv_split\fold_5\val\GON+\166_0.jpg,166_0.jpg,0,1.0230141015199479e-05,0
5,image_cv_split\fold_5\val\GON+\166_1.jpg,166_1.jpg,0,0.002662822837010026,0
5,image_cv_split\fold_5\val\GON+\166_2.jpg,166_2.jpg,0,0.0009888304630294442,0
5,image_cv_split\fold_5\val\GON+\169_0.jpg,169_0.jpg,0,0.00011633814574452117,0
5,image_cv_split\fold_5\val\GON+\169_1.jpg,169_1.jpg,0,1.377262560708914e-05,0
5,image_cv_split\fold_5\val\GON+\169_2.jpg,169_2.jpg,0,6.782963282603305e-06,0
5,image_cv_split\fold_5\val\GON+\169_3.jpg,169_3.jpg,0,6.009825028741034e-07,0
5,image_cv_split\fold_5\val\GON+\171_0.jpg,171_0.jpg,0,0.00030546949710696936,0
5,image_cv_split\fold_5\val\GON+\178_0.jpg,178_0.jpg,0,0.00011194839316885918,0
5,image_cv_split\fold_5\val\GON+\185_0.jpg,185_0.jpg,0,0.0002172844688175246,0
5,image_cv_split\fold_5\val\GON+\185_1.jpg,185_1.jpg,0,0.0037069180980324745,0
5,image_cv_split\fold_5\val\GON+\185_2.jpg,185_2.jpg,0,6.334652425721288e-05,0
5,image_cv_split\fold_5\val\GON+\1_0.jpg,1_0.jpg,0,3.055072738789022e-05,0
5,image_cv_split\fold_5\val\GON+\1_1.jpg,1_1.jpg,0,2.045220389845781e-05,0
5,image_cv_split\fold_5\val\GON+\29_0.jpg,29_0.jpg,0,0.0008539073169231415,0
5,image_cv_split\fold_5\val\GON+\29_1.jpg,29_1.jpg,0,8.998609700938687e-05,0
5,image_cv_split\fold_5\val\GON+\29_2.jpg,29_2.jpg,0,3.844613456749357e-05,0
5,image_cv_split\fold_5\val\GON+\2_0.jpg,2_0.jpg,0,0.004947476554661989,0
5,image_cv_split\fold_5\val\GON+\2_1.jpg,2_1.jpg,0,0.00046220357762649655,0
5,image_cv_split\fold_5\val\GON+\30_0.jpg,30_0.jpg,0,6.905750979058212e-06,0
5,image_cv_split\fold_5\val\GON+\31_0.jpg,31_0.jpg,0,4.095944677828811e-05,0
5,image_cv_split\fold_5\val\GON+\31_1.jpg,31_1.jpg,0,0.001029888284392655,0
5,image_cv_split\fold_5\val\GON+\31_2.jpg,31_2.jpg,0,0.0007435150910168886,0
5,image_cv_split\fold_5\val\GON+\31_3.jpg,31_3.jpg,0,0.010204531252384186,0
5,image_cv_split\fold_5\val\GON+\31_4.jpg,31_4.jpg,0,0.0005697094020433724,0
5,image_cv_split\fold_5\val\GON+\31_5.jpg,31_5.jpg,0,0.25283363461494446,0
5,image_cv_split\fold_5\val\GON+\31_6.jpg,31_6.jpg,0,3.1883206247584894e-05,0
5,image_cv_split\fold_5\val\GON+\36_0.jpg,36_0.jpg,0,4.7620800614822656e-05,0
5,image_cv_split\fold_5\val\GON+\36_1.jpg,36_1.jpg,0,0.002123552141711116,0
5,image_cv_split\fold_5\val\GON+\36_10.jpg,36_10.jpg,0,3.336028385092504e-05,0
5,image_cv_split\fold_5\val\GON+\36_11.jpg,36_11.jpg,0,1.8601493138703518e-05,0
5,image_cv_split\fold_5\val\GON+\36_2.jpg,36_2.jpg,0,4.949434696754906e-06,0
5,image_cv_split\fold_5\val\GON+\36_3.jpg,36_3.jpg,0,3.750130190383061e-06,0
5,image_cv_split\fold_5\val\GON+\36_4.jpg,36_4.jpg,0,0.00028180397930555046,0
5,image_cv_split\fold_5\val\GON+\36_5.jpg,36_5.jpg,0,7.500118499592645e-07,0
5,image_cv_split\fold_5\val\GON+\36_6.jpg,36_6.jpg,0,2.257769210700644e-06,0
5,image_cv_split\fold_5\val\GON+\36_7.jpg,36_7.jpg,0,4.304086758111225e-07,0
5,image_cv_split\fold_5\val\GON+\36_8.jpg,36_8.jpg,0,0.00012222971417941153,0
5,image_cv_split\fold_5\val\GON+\36_9.jpg,36_9.jpg,0,1.0972295285682776e-06,0
5,image_cv_split\fold_5\val\GON+\40_0.jpg,40_0.jpg,0,0.0005797484773211181,0
5,image_cv_split\fold_5\val\GON+\40_1.jpg,40_1.jpg,0,7.67674355302006e-05,0
5,image_cv_split\fold_5\val\GON+\52_0.jpg,52_0.jpg,0,5.907200466026552e-05,0
5,image_cv_split\fold_5\val\GON+\52_1.jpg,52_1.jpg,0,0.0015305570559576154,0
5,image_cv_split\fold_5\val\GON+\59_0.jpg,59_0.jpg,0,6.283110997173935e-05,0
5,image_cv_split\fold_5\val\GON+\59_1.jpg,59_1.jpg,0,0.00024196392041631043,0
5,image_cv_split\fold_5\val\GON+\60_0.jpg,60_0.jpg,0,0.0020940895192325115,0
5,image_cv_split\fold_5\val\GON+\62_0.jpg,62_0.jpg,0,0.0076002818532288074,0
5,image_cv_split\fold_5\val\GON+\62_1.jpg,62_1.jpg,0,4.306099799578078e-05,0
5,image_cv_split\fold_5\val\GON+\62_2.jpg,62_2.jpg,0,0.0011986581375822425,0
5,image_cv_split\fold_5\val\GON+\62_3.jpg,62_3.jpg,0,0.0011770344572141767,0
5,image_cv_split\fold_5\val\GON+\62_4.jpg,62_4.jpg,0,0.0008416400523856282,0
5,image_cv_split\fold_5\val\GON+\62_5.jpg,62_5.jpg,0,0.0004906576359644532,0
5,image_cv_split\fold_5\val\GON+\6_0.jpg,6_0.jpg,0,4.611410986399278e-05,0
5,image_cv_split\fold_5\val\GON+\6_1.jpg,6_1.jpg,0,4.891566732112551e-06,0
5,image_cv_split\fold_5\val\GON+\70_0.jpg,70_0.jpg,0,0.00045892142225056887,0
5,image_cv_split\fold_5\val\GON+\70_1.jpg,70_1.jpg,0,0.033468540757894516,0
5,image_cv_split\fold_5\val\GON+\70_2.jpg,70_2.jpg,0,0.00044593962957151234,0
5,image_cv_split\fold_5\val\GON+\87_0.jpg,87_0.jpg,0,0.002652236958965659,0
5,image_cv_split\fold_5\val\GON+\87_1.jpg,87_1.jpg,0,0.0010119023500010371,0
5,image_cv_split\fold_5\val\GON+\87_2.jpg,87_2.jpg,0,5.061584306531586e-05,0
5,image_cv_split\fold_5\val\GON+\87_3.jpg,87_3.jpg,0,0.0015140711329877377,0
5,image_cv_split\fold_5\val\GON+\87_4.jpg,87_4.jpg,0,6.39558129478246e-05,0
5,image_cv_split\fold_5\val\GON+\87_5.jpg,87_5.jpg,0,0.0003082622424699366,0
5,image_cv_split\fold_5\val\GON+\87_6.jpg,87_6.jpg,0,0.0013908817199990153,0
5,image_cv_split\fold_5\val\GON+\9_0.jpg,9_0.jpg,0,1.1291845112282317e-05,0
5,image_cv_split\fold_5\val\GON+\9_1.jpg,9_1.jpg,0,5.495442110259319e-07,0
5,image_cv_split\fold_5\val\GON-\187_0.jpg,187_0.jpg,1,0.9958215951919556,1
5,image_cv_split\fold_5\val\GON-\188_0.jpg,188_0.jpg,1,0.9698601961135864,1
5,image_cv_split\fold_5\val\GON-\188_1.jpg,188_1.jpg,1,0.9281179904937744,1
5,image_cv_split\fold_5\val\GON-\204_0.jpg,204_0.jpg,1,0.9997029900550842,1
5,image_cv_split\fold_5\val\GON-\204_1.jpg,204_1.jpg,1,0.9994015693664551,1
5,image_cv_split\fold_5\val\GON-\215_0.jpg,215_0.jpg,1,0.9849171042442322,1
5,image_cv_split\fold_5\val\GON-\215_1.jpg,215_1.jpg,1,0.9567906260490417,1
5,image_cv_split\fold_5\val\GON-\215_2.jpg,215_2.jpg,1,0.5836628079414368,1
5,image_cv_split\fold_5\val\GON-\215_3.jpg,215_3.jpg,1,0.4668474495410919,0
5,image_cv_split\fold_5\val\GON-\219_0.jpg,219_0.jpg,1,0.9277657270431519,1
5,image_cv_split\fold_5\val\GON-\219_1.jpg,219_1.jpg,1,0.9703099727630615,1
5,image_cv_split\fold_5\val\GON-\219_2.jpg,219_2.jpg,1,0.9969467520713806,1
5,image_cv_split\fold_5\val\GON-\230_0.jpg,230_0.jpg,1,0.9997196793556213,1
5,image_cv_split\fold_5\val\GON-\230_1.jpg,230_1.jpg,1,0.9969040751457214,1
5,image_cv_split\fold_5\val\GON-\233_0.jpg,233_0.jpg,1,0.9975256323814392,1
5,image_cv_split\fold_5\val\GON-\247_0.jpg,247_0.jpg,1,0.981805145740509,1
5,image_cv_split\fold_5\val\GON-\247_1.jpg,247_1.jpg,1,0.9911229610443115,1
5,image_cv_split\fold_5\val\GON-\251_0.jpg,251_0.jpg,1,0.9947118759155273,1
5,image_cv_split\fold_5\val\GON-\254_0.jpg,254_0.jpg,1,0.9820907711982727,1
5,image_cv_split\fold_5\val\GON-\257_0.jpg,257_0.jpg,1,0.9987143278121948,1
5,image_cv_split\fold_5\val\GON-\257_1.jpg,257_1.jpg,1,0.7844578623771667,1
5,image_cv_split\fold_5\val\GON-\262_0.jpg,262_0.jpg,1,0.9533699750900269,1
5,image_cv_split\fold_5\val\GON-\263_0.jpg,263_0.jpg,1,0.9030656218528748,1
5,image_cv_split\fold_5\val\GON-\265_0.jpg,265_0.jpg,1,0.9871314167976379,1
5,image_cv_split\fold_5\val\GON-\265_1.jpg,265_1.jpg,1,0.9792068004608154,1
5,image_cv_split\fold_5\val\GON-\269_0.jpg,269_0.jpg,1,0.9898157119750977,1
5,image_cv_split\fold_5\val\GON-\269_1.jpg,269_1.jpg,1,0.9844837784767151,1
5,image_cv_split\fold_5\val\GON-\270_0.jpg,270_0.jpg,1,0.98764568567276,1
5,image_cv_split\fold_5\val\GON-\270_1.jpg,270_1.jpg,1,0.992986261844635,1
5,image_cv_split\fold_5\val\GON-\271_0.jpg,271_0.jpg,1,0.9971528053283691,1
5,image_cv_split\fold_5\val\GON-\278_0.jpg,278_0.jpg,1,0.9852140545845032,1
5,image_cv_split\fold_5\val\GON-\278_1.jpg,278_1.jpg,1,0.9913927316665649,1
5,image_cv_split\fold_5\val\GON-\282_0.jpg,282_0.jpg,1,0.9995660185813904,1
5,image_cv_split\fold_5\val\GON-\282_1.jpg,282_1.jpg,1,0.999789297580719,1
5,image_cv_split\fold_5\val\GON-\283_0.jpg,283_0.jpg,1,0.9459943771362305,1
5,image_cv_split\fold_5\val\GON-\283_1.jpg,283_1.jpg,1,0.9671356678009033,1
